연번,고유번호,정류소명,정류소주소,읍면동,시설구분
1,1,윤정사앞,충청남도 아산시 배방읍 북수리 886,배방읍,표지판
2,3,북수1리 입구,충청남도 아산시 배방읍 북수리 201,배방읍,시설없음
3,4,회룡2리,충청남도 아산시 배방읍 회룡리 180-5,배방읍,유개승강장
4,5,회룡1리 마을회관,충청남도 아산시 배방읍 회룡리 38-6,배방읍,표지판
5,6,세출리,충청남도 아산시 배방읍 세출리 345-3,배방읍,시설없음
6,11,석당리아랫마을,충청남도 아산시 도고면 석당리 167-2,도고면,표지판
7,12,석당리아랫마을,충청남도 아산시 도고면 석당리 167-2,도고면,표지판
8,15,신덕2리앞뜸,충청남도 아산시 선장면 장곳리 405,선장면,표지판
9,17,뒤뜸,충청남도 아산시 선장면 신덕리 187-1,선장면,표지판
10,18,건너하평,충청남도 아산시 선장면 신덕리 627,선장면,유개승강장
11,20,신덕1리,충청남도 아산시 선장면 신덕리 501,선장면,시설없음
12,21,장곳리,충청남도 아산시 선장면 장곳리 22-1,선장면,유개승강장
13,23,신덕2리,충청남도 아산시 선장면 신덕리 65-107,선장면,유개승강장
14,25,신덕1리사거리,충청남도 아산시 선장면 신덕리 583,선장면,유개승강장
15,30,대정리,충청남도 아산시 선장면 대정리 242,선장면,유개승강장
16,32,신언4리,충청남도 아산시 도고면 신언리 301-2,도고면,표지판
17,34,신언2리,충청남도 아산시 도고면 신언리 139-28,도고면,유개승강장+표지판
18,35,도고아파트,충청남도 아산시 도고면 신언리 106-6,도고면,표지판
19,36,금산리 남성,충청남도 아산시 도고면 금산리 194-10,도고면,유개승강장
20,39,금산리,충청남도 아산시 도고면 금산리 202-2,도고면,표지판
21,40,금산1리 음지말,충청남도 아산시 도고면 금산리 185-2,도고면,유개승강장
22,41,도고아파트,충청남도 아산시 도고면 신언리 106-6,도고면,유개승강장
23,43,신언리삼거리,충청남도 아산시 도고면 신언리 100-6,도고면,유개승강장+표지판
24,48,봉농리 봉암,충청남도 아산시 도고면 금산리 237-1,도고면,유개승강장
25,51,군덕교,충청남도 아산시 도고면 신언리 740-1,도고면,유개승강장
26,54,신성1리,충청남도 아산시 선장면 신성리 277-10,선장면,시설없음
27,56,신성2리,충청남도 아산시 선장면 신성리 186-5,선장면,유개승강장
28,57,신성1리신라리,충청남도 아산시 선장면 신성리 163-1,선장면,표지판
29,58,도고면사무소,충청남도 아산시 도고면 신언리 64-3,도고면,유개승강장
30,59,도고면사무소 온양방면,충청남도 아산시 도고면 기곡리 264-10,도고면,유개승강장
31,60,금산2리 점촌,충청남도 아산시 도고면 금산리 1-11,도고면,유개승강장
32,61,도고온천역,충청남도 아산시 도고면 시전리 362-6,도고면,표지판
33,62,시전1리 동막골,충청남도 아산시 도고면 시전리 429-1,도고면,유개승강장
34,63,시전1리 동막골,충청남도 아산시 도고면 시전리 429-1,도고면,유개승강장
35,64,도고온천역,충청남도 아산시 도고면 시전리 360-1,도고면,표지판
36,65,금산2리 점촌,충청남도 아산시 도고면 금산리 1-11,도고면,유개승강장
37,67,금산3리 해비타트,충청남도 아산시 도고면 금산리 21-10,도고면,유개승강장
38,68,금산2리 쇠골,충청남도 아산시 도고면 금산리 21-11,도고면,유개승강장
39,72,글로리콘도입구,충청남도 아산시 도고면 기곡리 31-9,도고면,시설없음
40,74,도고로얄호텔,충청남도 아산시 도고면 기곡리 174-19,도고면,유개승강장
41,75,한국콘도,충청남도 아산시 도고면 기곡리 270-76,도고면,유개승강장
42,77,kt도고수련관,충청남도 아산시 도고면 기곡리 147-12,도고면,표지판
43,79,도고중학교,충청남도 아산시 도고면 시전리 산4-5,도고면,유개승강장
44,85,화천초등학교,충청남도 아산시 도고면 화천리 179-3,도고면,유개승강장
45,87,화천2리 양천,충청남도 아산시 도고면 화천리 305-5,도고면,표지판
46,89,농은리,충청남도 아산시 도고면 농은리 237-3,도고면,시설없음
47,90,화천2리 양천,충청남도 아산시 도고면 화천리 305-5,도고면,시설없음
48,91,화천2리회관,충청남도 아산시 도고면 화천리 223-1,도고면,시설없음
49,93,도산2리 정촌,충청남도 아산시 도고면 도산리 65-3,도고면,유개승강장+표지판
50,94,도산2리 새말,충청남도 아산시 도고면 도산리 126-3,도고면,유개승강장
51,95,도산2리 노루목,충청남도 아산시 도고면 도산리 158-2,도고면,유개승강장
52,96,신유삼거리,충청남도 아산시 도고면 신유리 70-3,도고면,유개승강장
53,97,신유리 버들목,충청남도 아산시 도고면 신유리 331-2,도고면,유개승강장
54,99,시전3리 강리,충청남도 아산시 도고면 시전리 197-8,도고면,표지판
55,100,와산1리,충청남도 아산시 도고면 와산리 131-1,도고면,유개승강장
56,101,향산리 용호원,충청남도 아산시 도고면 향산리 212-5,도고면,유개승강장
57,102,시전삼거리,충청남도 아산시 도고면 시전리 1-2,도고면,유개승강장
58,103,시전삼거리,충청남도 아산시 도고면 시전리 581-37,도고면,유개승강장
59,104,향산리 용호원,충청남도 아산시 도고면 향산리 103-1,도고면,유개승강장
60,105,와산1리,충청남도 아산시 도고면 와산리 139-3,도고면,유개승강장
61,109,돈포2리 마을회관,충청남도 아산시 선장면 돈포리 636,선장면,유개승강장
62,110,돈포1리,충청남도 아산시 선장면 돈포리 1037,선장면,유개승강장
63,111,돈포2리마을회관,충청남도 아산시 선장면 돈포리 640,선장면,시설없음
64,112,가산2리 가래기,충청남도 아산시 선장면 가산리 895-1,선장면,유개승강장
65,115,월랑1리 새텃말,충청남도 아산시 음봉면 월랑리 311-1,음봉면,유개승강장
66,117,대흥1리,충청남도 아산시 선장면 대흥리 448-1,선장면,시설없음
67,120,군덕3리,충청남도 아산시 선장면 군덕리 233-1,선장면,유개승강장
68,121,돈포2리,충청남도 아산시 선장면 돈포리 788,선장면,유개승강장
69,122,열장원,충청남도 아산시 선장면 돈포리 308-2,선장면,유개승강장
70,123,군덕3리,충청남도 아산시 선장면 군덕리 232-4,선장면,유개승강장
71,127,가산2리 개나리,충청남도 아산시 선장면 신문리 378,선장면,유개승강장+표지판
72,129,신문리회관,충청남도 아산시 선장면 신문리 10-6,선장면,유개승강장
73,130,신문리 돌채,충청남도 아산시 선장면 가산리 135-90,선장면,표지판
74,131,선문대학교,충청남도 아산시 탕정면 갈산리 93-8,탕정면,시설없음
75,133,가산1리 용당,충청남도 아산시 선장면 궁평리 15,선장면,표지판
76,135,궁평1리,충청남도 아산시 선장면 궁평리 25,선장면,유개승강장
77,137,궁평2리,충청남도 아산시 선장면 가산리 391-1,선장면,유개승강장
78,139,구 삼선초등학교,충청남도 아산시 선장면 대흥리 304-50,선장면,표지판
79,141,대흥4리각골,충청남도 아산시 선장면 대흥리 279-5,선장면,유개승강장
80,144,궁평3리회관,충청남도 아산시 선장면 대흥리 321-1,선장면,유개승강장
81,146,대흥3리,충청남도 아산시 선장면 군덕리 산3-6,선장면,유개승강장
82,150,선장면사무소(온양방면),충청남도 아산시 선장면 군덕리 434-8,선장면,유개승강장
83,152,군덕복지회관,충청남도 아산시 선장면 군덕리 429-2,선장면,유개승강장
84,157,선장초등학교,충청남도 아산시 선장면 군덕리 379-5,선장면,유개승강장
85,162,군덕2리회관,충청남도 아산시 선장면 군덕리 105-1,선장면,유개승강장
86,163,군덕2리,충청남도 아산시 선장면 군덕리 146-3,선장면,유개승강장
87,167,문방삼거리,충청남도 아산시 인주면 문방리 97-24,인주면,표지판
88,168,문방삼거리,충청남도 아산시 인주면 문방리 97-9,인주면,표지판
89,169,문방1리 장어촌,충청남도 아산시 인주면 문방리 378-2,인주면,유개승강장
90,170,문방1리 장어촌,충청남도 아산시 인주면 문방리 378-2,인주면,표지판
91,171,문방1리 방아다리,충청남도 아산시 인주면 문방리 408-21,인주면,표지판
92,172,문방2리 방축머리,충청남도 아산시 인주면 문방리 655-20,인주면,유개승강장+표지판
93,174,대음1리 나룻말,충청남도 아산시 인주면 문방리 766-1,인주면,표지판
94,175,대음1리 한뿌리,충청남도 아산시 인주면 대음리 286-2,인주면,표지판
95,176,대음1리 한뿌리,충청남도 아산시 인주면 대음리 245-3,인주면,유개승강장
96,178,대음리,충청남도 아산시 인주면 대음리 34-2,인주면,유개승강장
97,179,문방삼거리,충청남도 아산시 인주면 문방리 97-15,인주면,표지판
98,180,문방1리 세밑마루,충청남도 아산시 인주면 문방리 574-10,인주면,표지판
99,181,문방1리 방아다리,충청남도 아산시 인주면 문방리 408-21,인주면,표지판
100,182,문방2리 방축머리,충청남도 아산시 인주면 문방리 655-20,인주면,유개승강장+표지판
101,183,대음1리 나룻말,충청남도 아산시 인주면 문방리 575-116,인주면,표지판
102,185,현대차사원아파트,충청남도 아산시 인주면 대음리 197-8,인주면,표지판
103,189,해암2리,충청남도 아산시 인주면 해암리 178-3,인주면,표지판
104,190,해암2리,충청남도 아산시 인주면 해암리 172-3,인주면,유개승강장
105,191,해암1리,충청남도 아산시 인주면 해암리 273-3,인주면,유개승강장
106,192,미진아파트,충청남도 아산시 인주면 해암리 287-5,인주면,유개승강장
107,193,미진아파트,충청남도 아산시 인주면 해암리 287-2,인주면,유개승강장
108,194,해암3리,충청남도 아산시 인주면 해암리 330-5,인주면,유개승강장+표지판
109,195,해암3리,충청남도 아산시 인주면 해암리 330-5,인주면,시설없음
110,196,대흥2리,충청남도 아산시 선장면 대흥리 459-1,선장면,유개승강장
111,199,홍곳리,충청남도 아산시 선장면 홍곳리 392-1,선장면,유개승강장
112,200,가내리원안말,충청남도 아산시 신창면 가내리 723-1,신창면,유개승강장
113,201,가내리원안말,충청남도 아산시 신창면 가내리 723-1,신창면,시설없음
114,202,죽산저수지,충청남도 아산시 선장면 선창리 12-44,선장면,표지판
115,203,신동1리입구,충청남도 아산시 선장면 선창리 169-2,선장면,유개승강장+표지판
116,204,선창3리 가장골,충청남도 아산시 선장면 선창리 391-6,선장면,시설없음
117,205,신동2리 마을회관,충청남도 아산시 선장면 신동리 173-2,선장면,표지판
118,206,신동1리,충청남도 아산시 선장면 신동리 324-7,선장면,유개승강장
119,208,신동1리입구,충청남도 아산시 선장면 선창리 169-1,선장면,표지판
120,209,선창2리,충청남도 아산시 선장면 선창리 21-20,선장면,유개승강장
121,210,죽산저수지,충청남도 아산시 선장면 선창리 산19-10,선장면,표지판
122,212,가내리입구,충청남도 아산시 신창면 가내리 406-5,신창면,시설없음
123,214,가내2리 번개말,충청남도 아산시 신창면 가내리 산48-4,신창면,시설없음
124,216,가내1리 조원동,충청남도 아산시 신창면 가내리 183-9,신창면,유개승강장
125,219,해암1리,충청남도 아산시 인주면 해암리 273-1,인주면,표지판
126,220,산양2리,충청남도 아산시 염치읍 산양리 456-4,염치읍,표지판
127,221,산양2리,충청남도 아산시 염치읍 산양리 448-5,염치읍,유개승강장
128,222,도흥2리 작은섬말,충청남도 아산시 인주면 도흥리 223-2,인주면,표지판
129,223,도흥2리 섬말,충청남도 아산시 인주면 도흥리 190-7,인주면,유개승강장+표지판
130,224,도흥1리입구,충청남도 아산시 인주면 해암리 190-5,인주면,표지판
131,225,도흥1리입구,충청남도 아산시 인주면 해암리 190-5,인주면,유개승강장
132,226,창덕에버빌,충청남도 아산시 신창면 신곡리 59-13,신창면,유개승강장
133,228,신곡1리,충청남도 아산시 신창면 신곡리 55-6,신창면,유개승강장
134,229,신곡1리,충청남도 아산시 신창면 신곡리 55-6,신창면,유개승강장
135,230,가덕2리 덕동,충청남도 아산시 신창면 가덕리 519-5,신창면,유개승강장
136,232,가덕2리 금이,충청남도 아산시 신창면 가덕리 376,신창면,유개승강장
137,233,가덕2리 금이,충청남도 아산시 신창면 가덕리 374-2,신창면,시설없음
138,236,궁화2리 신당,충청남도 아산시 신창면 궁화리 679-2,신창면,유개승강장
139,237,궁화2리조내골,충청남도 아산시 신창면 궁화리 543-2,신창면,유개승강장
140,238,죽산리난고개,충청남도 아산시 선장면 죽산리 323-18,선장면,표지판
141,249,궁화1리 준말,충청남도 아산시 신창면 궁화리 788-1,신창면,유개승강장
142,251,궁화리 진너머,충청남도 아산시 신창면 궁화리 353-1,신창면,유개승강장
143,253,죽산리입구,충청남도 아산시 선장면 죽산리 329-9,선장면,유개승강장
144,255,죽산1리 너드리,충청남도 아산시 선장면 죽산리 123-3,선장면,시설없음
145,257,죽산2리 성산,충청남도 아산시 선장면 죽산리 225-3,선장면,유개승강장
146,261,도흥2리 작은섬말,충청남도 아산시 인주면 도흥리 223-2,인주면,표지판
147,262,도흥2리 섬말,충청남도 아산시 인주면 도흥리 203-11,인주면,표지판
148,263,금성초등학교,충청남도 아산시 인주면 금성리 81-1,인주면,시설없음
149,264,금성초등학교,충청남도 아산시 인주면 금성리 81-1,인주면,유개승강장
150,265,현대자동차정문앞,충청남도 아산시 인주면 금성리 119-1,인주면,표지판
151,267,문방3리입구,충청남도 아산시 인주면 문방리 51-1,인주면,시설없음
152,268,문방3리입구,충청남도 아산시 인주면 문방리 51-1,인주면,유개승강장
153,269,관암2리 은고개,충청남도 아산시 인주면 관암리 323-1,인주면,유개승강장
154,270,관암2리 은고개,충청남도 아산시 인주면 관암리 323-1,인주면,유개승강장
155,271,구 인주중학교,충청남도 아산시 인주면 관암리 101-4,인주면,표지판
156,272,구 인주중학교,충청남도 아산시 인주면 관암리 101-4,인주면,유개승강장
157,273,관암1리,충청남도 아산시 인주면 밀두리 239-2,인주면,유개승강장
158,274,관암1리,충청남도 아산시 인주면 밀두리 239-2,인주면,시설없음
159,275,인주농협,충청남도 아산시 인주면 밀두리 158-6,인주면,유개승강장
160,276,인주농협,충청남도 아산시 인주면 밀두리 158-6,인주면,표지판
161,277,밀두2리 세원,충청남도 아산시 인주면 밀두리 274-1,인주면,유개승강장+표지판
162,278,밀두2리 세원,충청남도 아산시 인주면 밀두리 300-3,인주면,스마트승강장
163,279,문방2리 K마트,충청남도 아산시 인주면 밀두리 302-1,인주면,표지판
164,280,문방2리 K마트,충청남도 아산시 인주면 밀두리 302-1,인주면,표지판
165,281,인주초등학교,충청남도 아산시 인주면 걸매리 465-1,인주면,유개승강장+표지판
166,282,인주초등학교,충청남도 아산시 인주면 신성리 185-106,인주면,유개승강장
167,283,걸매리종점,충청남도 아산시 인주면 걸매리 181-7,인주면,표지판
168,284,밀두1리,충청남도 아산시 인주면 밀두리 130-7,인주면,시설없음
169,285,걸매사거리,충청남도 아산시 인주면 밀두리 129-7,인주면,시설없음
170,286,걸매사거리,충청남도 아산시 인주면 밀두리 129-7,인주면,유개승강장
171,287,밀두1리,충청남도 아산시 인주면 밀두리 130-7,인주면,시설없음
172,288,관암리 감나무골,충청남도 아산시 인주면 밀두리 36-42,인주면,유개승강장
173,289,관암리 감나무골,충청남도 아산시 인주면 밀두리 36-42,인주면,시설없음
174,290,관암2리 아산말,충청남도 아산시 인주면 관암리 401-2,인주면,유개승강장
175,291,관암2리 아산말,충청남도 아산시 인주면 관암리 401-2,인주면,표지판
176,292,관암리마을회관,충청남도 아산시 인주면 관암리 430,인주면,표지판
177,293,관암리마을회관,충청남도 아산시 인주면 관암리 125-27,인주면,유개승강장
178,294,관암1리 소애,충청남도 아산시 인주면 관암리 23-4,인주면,표지판
179,295,관암1리 소애,충청남도 아산시 인주면 관암리 23-4,인주면,표지판
180,296,걸매리종점,충청남도 아산시 인주면 걸매리 181-7,인주면,표지판
181,297,공세리입구,충청남도 아산시 영인면 월선리 276-2,영인면,유개승강장
182,298,인주파출소 공세리성당,충청남도 아산시 인주면 공세리 282-1,인주면,유개승강장
183,299,인주파출소 공세리성당,충청남도 아산시 인주면 공세리 282-1,인주면,스마트승강장
184,300,공세리입구,충청남도 아산시 영인면 월선리 276-2,영인면,시설없음
185,301,공세4리,충청남도 아산시 인주면 공세리 133-1,인주면,유개승강장
186,302,공세4리,충청남도 아산시 인주면 공세리 133-1,인주면,유개승강장
187,303,냉정저수지앞,충청남도 아산시 인주면 냉정리 33-15,인주면,유개승강장
188,304,냉정저수지앞,충청남도 아산시 인주면 냉정리 33-15,인주면,표지판
189,305,냉정리 불당골,충청남도 아산시 인주면 냉정리 133,인주면,유개승강장
190,306,냉정리 불당골,충청남도 아산시 인주면 냉정리 133,인주면,표지판
191,307,냉정리 차나물,충청남도 아산시 인주면 냉정리 98-13,인주면,유개승강장+표지판
192,308,냉정리 차나물,충청남도 아산시 인주면 냉정리 98-13,인주면,표지판
193,309,신성리,충청남도 아산시 인주면 신성리 186-3,인주면,유개승강장
194,310,신성리,충청남도 아산시 인주면 신성리 187-9,인주면,표지판
195,311,대진아파트,충청남도 아산시 인주면 공세리 274-3,인주면,표지판
196,312,대진아파트,충청남도 아산시 인주면 공세리 274-3,인주면,표지판
197,313,공세리 동강,충청남도 아산시 인주면 공세리 25-1 광명인력직업소개소 옆,인주면,유개승강장
198,314,공세리 동강,충청남도 아산시 인주면 공세리 26-5,인주면,유개승강장
199,350,동신초등학교,충청남도 아산시 모종동 599,온양3동,유개승강장
200,351,시외버스터미널 스타벅스앞,충청남도 아산시 모종동 568-1,온양3동,유개승강장
201,352,청솔아파트,충청남도 아산시 장존동 305-3,온양6동,유개승강장
202,353,청솔아파트,충청남도 아산시 장존동 516-2,온양6동,유개승강장
203,354,강당골 종점,충청남도 아산시 송악면 강당리 289,송악면,유개승강장
204,355,강당리 돌모랭이,충청남도 아산시 송악면 강당리 129-4,송악면,시설없음
205,356,강당리 돌모랭이,충청남도 아산시 송악면 강당리 129-4,송악면,유개승강장
206,357,강당골 종점,충청남도 아산시 송악면 강당리 289,송악면,시설없음
207,359,용화중학교,충청남도 아산시 용화동 501-1,온양5동,유개승강장
208,360,행목리,충청남도 아산시 신창면 행목리 446-1,신창면,유개승강장
209,362,경희학성아파트,충청남도 아산시 신창면 읍내리 산34-13,신창면,유개승강장
210,363,오암1리 아랫오리실,충청남도 아산시 도고면 오암리 341-1,도고면,유개승강장
211,365,오암1리 윗오리실,충청남도 아산시 도고면 오암리 156-1,도고면,유개승강장
212,366,오암1리 아랫오리실,충청남도 아산시 도고면 오암리 341-1,도고면,표지판
213,368,석당리 마을회관,충청남도 아산시 도고면 석당리 130-3,도고면,유개승강장
214,370,석당교회,충청남도 아산시 도고면 석당리 78-3,도고면,유개승강장
215,371,석당교회,충청남도 아산시 도고면 석당리 78-3,도고면,표지판
216,372,바람내,충청남도 아산시 도고면 와산리 9-6,도고면,표지판
217,373,석당리부모골,충청남도 아산시 도고면 석당리 4-5,도고면,표지판
218,375,진테크,충청남도 아산시 도고면 와산리 19-2,도고면,유개승강장
219,376,읍내리까치골,충청남도 아산시 신창면 읍내리 452-2,신창면,유개승강장
220,377,순천향대학교,충청남도 아산시 신창면 읍내리 667-4,신창면,유개승강장+표지판
221,378,읍내리까치골,충청남도 아산시 신창면 읍내리 452-2,신창면,표지판
222,383,한국폴리텍대학앞,충청남도 아산시 신창면 행목리 347-50,신창면,표지판
223,384,창암2리 불거미,충청남도 아산시 신창면 창암리 138-1,신창면,유개승강장+표지판
224,386,창암3리,충청남도 아산시 신창면 창암리 23-1,신창면,유개승강장+표지판
225,388,창암2리 불거미,충청남도 아산시 신창면 창암리 138-1,신창면,표지판
226,389,한국폴리텍대학앞,충청남도 아산시 신창면 행목리 347-50,신창면,표지판
227,390,창암1리회관,충청남도 아산시 신창면 창암리 158-1,신창면,유개승강장
228,391,창암1리회관,충청남도 아산시 신창면 창암리 158-1,신창면,표지판
229,392,황산2리,충청남도 아산시 신창면 창암리 219-7,신창면,표지판
230,395,창암2리,충청남도 아산시 신창면 창암리 4,신창면,표지판
231,396,강장4거리,충청남도 아산시 송악면 강장리 299-2,송악면,유개승강장
232,397,강장2리,충청남도 아산시 송악면 강장리 302,송악면,유개승강장
233,398,수곡2리,충청남도 아산시 송악면 강장리 9-4,송악면,유개승강장
234,399,수곡1리입구,충청남도 아산시 송악면 동화리 743-1,송악면,시설없음
235,400,수곡1리입구,충청남도 아산시 송악면 동화리 743-1,송악면,유개승강장+표지판
236,401,수곡2리,충청남도 아산시 송악면 강장리 9-4,송악면,표지판
237,402,강장2리,충청남도 아산시 송악면 강장리 302,송악면,표지판
238,403,강장4거리,충청남도 아산시 송악면 강장리 297-2,송악면,시설없음
239,404,강장1리,충청남도 아산시 송악면 강장리 115-1,송악면,유개승강장
240,405,강장1리,충청남도 아산시 송악면 강장리 115-1,송악면,시설없음
241,407,창암2리,충청남도 아산시 신창면 창암리 4,신창면,표지판
242,408,궁평리,충청남도 아산시 송악면 마곡리 326-2,송악면,유개승강장
243,409,유곡1리마을회관,충청남도 아산시 송악면 유곡리 74-7,송악면,유개승강장
244,410,거산초등학교,충청남도 아산시 송악면 송학리 274-5,송악면,유개승강장
245,411,법륜원앞,충청남도 아산시 송악면 송학리 51-2,송악면,표지판
246,412,각흘고개,충청남도 아산시 송악면 거산리 399-2,송악면,유개승강장
247,416,거산2리 성골,충청남도 아산시 송악면 거산리 350-5,송악면,유개승강장
248,417,거산1리회관,충청남도 아산시 송악면 거산리 299-4,송악면,유개승강장
249,418,거산1리 거산골,충청남도 아산시 송악면 거산리 267-4,송악면,유개승강장
250,419,거산1용두원,충청남도 아산시 송악면 거산리 215-16,송악면,표지판
251,420,송학2리,충청남도 아산시 송악면 송학리 140-2,송악면,유개승강장
252,421,법륜원앞,충청남도 아산시 송악면 송학리 51-2,송악면,표지판
253,422,거산초등학교,충청남도 아산시 송악면 송학리 272-2,송악면,유개승강장
254,423,유곡2리입구,충청남도 아산시 송악면 송학리 10-9,송악면,유개승강장+표지판
255,424,유곡1리,충청남도 아산시 송악면 유곡리 56-3,송악면,유개승강장
256,425,봉곡사,충청남도 아산시 송악면 유곡리 582-2,송악면,시설없음
257,426,봉곡사입구,충청남도 아산시 송악면 유곡리 124-1,송악면,표지판
258,427,봉곡사입구,충청남도 아산시 송악면 유곡리 124-1,송악면,시설없음
259,428,유곡1리마을회관,충청남도 아산시 송악면 유곡리 74-8,송악면,시설없음
260,429,유곡1깊은골,충청남도 아산시 송악면 유곡리 480-3,송악면,표지판
261,430,유곡1깊은골,충청남도 아산시 송악면 유곡리 480-3,송악면,시설없음
262,431,유곡1리,충청남도 아산시 송악면 유곡리 56-3,송악면,시설없음
263,432,유곡2리입구,충청남도 아산시 송악면 송학리 10-9,송악면,시설없음
264,433,송학2리,충청남도 아산시 송악면 송학리 140-2,송악면,유개승강장
265,434,거산1용두원,충청남도 아산시 송악면 거산리 214-5,송악면,유개승강장
266,435,거산1리 거산골,충청남도 아산시 송악면 거산리 267-4,송악면,유개승강장
267,436,거산1리회관,충청남도 아산시 송악면 거산리 299-4,송악면,표지판
268,437,거산2리 성골,충청남도 아산시 송악면 거산리 350-5,송악면,유개승강장
269,438,각홀고개,충청남도 아산시 송악면 거산리 399-2,송악면,시설없음
270,443,마곡리입구,충청남도 아산시 송악면 마곡리 353-19,송악면,시설없음
271,444,마곡1리,충청남도 아산시 송악면 마곡리 497,송악면,유개승강장
272,445,마곡리입구,충청남도 아산시 송악면 마곡리 353-19,송악면,시설없음
273,446,마곡리입구,충청남도 아산시 송악면 마곡리 353-19,송악면,유개승강장
274,448,신정호관광지,충청남도 아산시 방축동 467-16,온양4동,유개승강장
275,449,신인동 전의실,충청남도 아산시 신인동 94-7,온양5동,유개승강장
276,450,기산1통,충청남도 아산시 기산동 141-34,온양5동,유개승강장
277,452,초사초등학교입구,충청남도 아산시 초사동 26-1,온양5동,유개승강장
278,453,초사1통 갱티,충청남도 아산시 초사동 553-1,온양5동,유개승강장
279,454,점량동,충청남도 아산시 점양동 95-1,온양4동,유개승강장
280,455,동화1리,충청남도 아산시 송악면 동화리 667-4,송악면,유개승강장
281,456,동화2리 배골,충청남도 아산시 송악면 동화리 411-3,송악면,유개승강장
282,457,동화2리,충청남도 아산시 송악면 동화리 203-2,송악면,유개승강장+표지판
283,458,동화2리 분토골,충청남도 아산시 송악면 동화리 29-3,송악면,유개승강장+표지판
284,459,동화리 송악저수지,충청남도 아산시 송악면 동화리 81-4,송악면,시설없음
285,460,동화리 송악저수지,충청남도 아산시 송악면 동화리 81-4,송악면,표지판
286,461,동화2리 분토골,충청남도 아산시 송악면 동화리 44-4,송악면,표지판
287,462,동화2리,충청남도 아산시 송악면 동화리 203-5,송악면,시설없음
288,463,동화2리 배골,충청남도 아산시 송악면 동화리 418,송악면,시설없음
289,464,동화리,충청남도 아산시 송악면 동화리 671,송악면,유개승강장
290,465,유곡1리 신성강장마을,충청남도 아산시 송악면 유곡리 531-4,송악면,시설없음
291,466,유곡1리 신성강장마을,충청남도 아산시 송악면 유곡리 531-4,송악면,유개승강장
292,467,초사초등학교입구,충청남도 아산시 초사동 26-1,온양5동,유개승강장
293,468,신인1통,충청남도 아산시 신인동 406-1,온양5동,표지판
294,469,기산동,충청남도 아산시 기산동 151-2,온양5동,표지판
295,470,점량동,충청남도 아산시 점양동 115-7,온양4동,표지판
296,471,점등이,충청남도 아산시 점양동 225,온양4동,표지판
297,472,점등이,충청남도 아산시 점양동 225,온양4동,표지판
298,473,법곡동,충청남도 아산시 읍내동 198-5,온양6동,유개승강장
299,474,읍내주공아파트.온양향교,충청남도 아산시 읍내동 230-13,온양6동,유개승강장
300,475,외암리아래삼막골,충청남도 아산시 송악면 외암리 448-3,송악면,유개승강장
301,476,역촌삼거리,충청남도 아산시 송악면 역촌리 291-2,송악면,시설없음
302,477,송남중학교,충청남도 아산시 송악면 역촌리 351-2,송악면,유개승강장
303,478,역촌2리마을회관,충청남도 아산시 송악면 역촌리 348-1,송악면,표지판
304,479,역촌2리마을회관,충청남도 아산시 송악면 역촌리 348-1,송악면,유개승강장
305,480,역촌삼거리,충청남도 아산시 송악면 역촌리 292-4,송악면,유개승강장+표지판
306,481,역촌리농협창고,충청남도 아산시 송악면 역촌리 223-3,송악면,표지판
307,482,송악농협 온양방면,충청남도 아산시 송악면 역촌리 45-4,송악면,스마트승강장
308,483,외암리윗삼막골,충청남도 아산시 송악면 외암리 421-2,송악면,유개승강장
309,484,정문거리,충청남도 아산시 장존동 574-62,온양6동,시설없음
310,485,읍내주공아파트.온양향교,충청남도 아산시 읍내동 374,온양6동,스마트승강장
311,486,법곡동,충청남도 아산시 읍내동 197-3,온양6동,유개승강장
312,487,신도브래뉴,충청남도 아산시 풍기동 229-116,온양6동,유개승강장
313,488,주공3단지,충청남도 아산시 용화동 372-40,온양5동,유개승강장
314,489,아산시평생학습관,충청남도 아산시 용화동 768,온양5동,유개승강장
315,490,주공3단지,충청남도 아산시 용화동 702,온양5동,유개승강장
316,491,법곡2동,충청남도 아산시 장존동 149-1,온양6동,표지판
317,492,용화동 홍거리,충청남도 아산시 용화동 868,온양5동,유개승강장
318,494,역촌2리,충청남도 아산시 송악면 역촌리 334-1,송악면,시설없음
319,495,외암민속마을,충청남도 아산시 송악면 역촌리 71-3,송악면,시설없음
320,496,강당2리입구,충청남도 아산시 송악면 역촌리 93-3,송악면,시설없음
321,497,역촌2리,충청남도 아산시 송악면 역촌리 334-1,송악면,유개승강장
322,498,아산시평생학습관,충청남도 아산시 용화동 410-10,온양5동,표지판
323,499,풍기일통,충청남도 아산시 풍기동 253-5,온양6동,유개승강장
324,500,외암리아래삼막골,충청남도 아산시 송악면 외암리 448-3,송악면,유개승강장
325,501,외암리윗삼막골,충청남도 아산시 송악면 외암리 421-2,송악면,유개승강장
326,502,역촌1리,충청남도 아산시 송악면 역촌리 13-2,송악면,표지판
327,504,외암민속마을,충청남도 아산시 송악면 역촌리 71-4,송악면,시설없음
328,505,강당2리입구,충청남도 아산시 송악면 역촌리 45-4,송악면,표지판
329,506,산촌체험관,충청남도 아산시 송악면 강당리 177-2,송악면,시설없음
330,507,산촌체험관,충청남도 아산시 송악면 강당리 177-2,송악면,유개승강장
331,508,평촌2리,충청남도 아산시 송악면 평촌리 439-6,송악면,유개승강장
332,510,평촌1리,충청남도 아산시 송악면 평촌리 300-12,송악면,유개승강장
333,513,역촌리농협창고,충청남도 아산시 송악면 역촌리 223-3,송악면,표지판
334,514,역촌삼거리,충청남도 아산시 송악면 역촌리 292-4,송악면,표지판
335,515,송남중학교,충청남도 아산시 송악면 역촌리 351-2,송악면,표지판
336,516,궁평리,충청남도 아산시 송악면 마곡리 326-2,송악면,시설없음
337,517,법곡2통,충청남도 아산시 장존동 149,온양6동,유개승강장
338,518,강청리,충청남도 아산시 염치읍 강청리 162-15,염치읍,시설없음
339,519,강청리,충청남도 아산시 염치읍 강청리 162-15,염치읍,유개승강장
340,520,산양3리,충청남도 아산시 염치읍 산양리 131-6,염치읍,표지판
341,521,산양3리,충청남도 아산시 염치읍 산양리 131-6,염치읍,유개승강장
342,523,오목리 정안,충청남도 아산시 신창면 오목리 1027,신창면,시설없음
343,524,신창파출소,충청남도 아산시 신창면 오목리 300-14,신창면,유개승강장
344,526,신창면사무소(온양방면),충청남도 아산시 신창면 오목리 2-30,신창면,표지판
345,527,신달2리,충청남도 아산시 신창면 오목리 산40-4,신창면,유개승강장+표지판
346,528,신달2리,충청남도 아산시 신창면 신달리 293-31,신창면,유개승강장
347,529,오목리 정안,충청남도 아산시 신창면 오목리 343-4,신창면,표지판
348,530,오목리 정안,충청남도 아산시 신창면 오목리 343-4,신창면,표지판
349,535,한일이화,충청남도 아산시 신창면 남성리 산129-14,신창면,표지판
350,536,한일이화,충청남도 아산시 신창면 신달리 282-3,신창면,표지판
351,537,성우아파트,충청남도 아산시 신창면 남성리 405-1,신창면,유개승강장
352,538,현대엠시트아파트,충청남도 아산시 신창면 남성리 405-1,신창면,유개승강장
353,539,신창초등학교.신창향교,충청남도 아산시 신창면 읍내리 253-2,신창면,유개승강장
354,540,읍내2리,충청남도 아산시 신창면 읍내리 481-1,신창면,유개승강장
355,544,성우하이텍앞,충청남도 아산시 신창면 궁화리 산32-12,신창면,시설없음
356,546,오목오거리,충청남도 아산시 신창면 오목리 307-59,신창면,표지판
357,547,오목오거리,충청남도 아산시 신창면 오목리 307-59,신창면,표지판
358,548,오목오거리,충청남도 아산시 신창면 오목리 307-59,신창면,시설없음
359,549,오목2리,충청남도 아산시 신창면 오목리 204-42,신창면,표지판
360,550,신창중학교,충청남도 아산시 신창면 오목리 269-1,신창면,시설없음
361,551,중방리 대장골,충청남도 아산시 염치읍 중방리 8-4,염치읍,시설없음
362,552,중방리 대장골,충청남도 아산시 염치읍 중방리 8-4,염치읍,유개승강장
363,553,중방리마을회관,충청남도 아산시 염치읍 중방리 39-5,염치읍,표지판
364,554,중방리마을회관,충청남도 아산시 염치읍 중방리 37-5,염치읍,유개승강장
365,555,중방리 골중뱅이,충청남도 아산시 염치읍 중방리 59-2,염치읍,유개승강장+표지판
366,556,서원1리,충청남도 아산시 염치읍 중방리 135-6,염치읍,표지판
367,557,서원1리,충청남도 아산시 염치읍 중방리 135-6,염치읍,유개승강장
368,558,서원리협동화단지,충청남도 아산시 염치읍 강청리 8-7,염치읍,유개승강장
369,559,남성리 남방재,충청남도 아산시 신창면 남성리 423-3,신창면,유개승강장
370,560,남성리 남방재,충청남도 아산시 신창면 남성리 423-3,신창면,표지판
371,561,한미아파트,충청남도 아산시 신창면 남성리 산76-7,신창면,유개승강장
372,562,한미아파트,충청남도 아산시 신창면 남성리 산76-7,신창면,유개승강장
373,563,신일아파트,충청남도 아산시 신창면 남성리 205-8,신창면,유개승강장+표지판
374,564,신일아파트,충청남도 아산시 신창면 남성리 205-8,신창면,유개승강장
375,569,코아루아파트,충청남도 아산시 신창면 남성리 180-1,신창면,유개승강장
376,570,배미서진아파트,충청남도 아산시 배미동 239-40,온양4동,유개승강장
377,571,배미서진아파트,충청남도 아산시 배미동 174-16,온양4동,유개승강장
378,572,서원삼거리,충청남도 아산시 염치읍 서원리 32-10,염치읍,유개승강장+표지판
379,573,서원2리,충청남도 아산시 염치읍 서원리 32-76,염치읍,유개승강장
380,574,서원2리,충청남도 아산시 염치읍 서원리 289,염치읍,유개승강장
381,575,부영아파트,충청남도 아산시 득산동 387-7,온양4동,유개승강장
382,576,상아아파트,충청남도 아산시 신창면 남성리 599-6,신창면,유개승강장
383,577,코아루에듀파크,충청남도 아산시 신창면 남성리 598-28,신창면,유개승강장
384,578,대주아파트,충청남도 아산시 신창면 행목리 248-2,신창면,유개승강장
385,579,부영아파트,충청남도 아산시 득산동 347-1,온양4동,유개승강장
386,580,득산농공단지,충청남도 아산시 득산동 산44-14,온양4동,유개승강장
387,581,득산농공단지,충청남도 아산시 득산동 산44-14,온양4동,표지판
388,582,친오애아파트,충청남도 아산시 신창면 남성리 264-13,신창면,유개승강장
389,583,친오애아파트,"충청남도 아산시 신창면 행목리 산59-49,",신창면,유개승강장
390,584,장미아파트입구,충청남도 아산시 배미동 150-4,온양4동,유개승강장
391,588,중방리 골중뱅이,충청남도 아산시 염치읍 중방리 60-6,염치읍,유개승강장
392,589,서원리협동화단지,충청남도 아산시 염치읍 강청리 197-18,염치읍,시설없음
393,591,행목1리 칠목,충청남도 아산시 신창면 행목리 274-46,신창면,표지판
394,592,수장리,충청남도 아산시 신창면 수장리 산18-3,신창면,표지판
395,593,수장리,충청남도 아산시 신창면 수장리 산18-3,신창면,표지판
396,595,수장2리,충청남도 아산시 신창면 수장리 231-2,신창면,시설없음
397,596,수장리 종점,충청남도 아산시 신창면 수장리 195-21,신창면,표지판
398,598,신운리,충청남도 아산시 영인면 신운리 188-7,영인면,유개승강장
399,599,신운리,충청남도 아산시 영인면 신운리 188-7,영인면,유개승강장
400,600,월선1리,충청남도 아산시 영인면 신운리 508-3,영인면,유개승강장
401,601,월선2리,충청남도 아산시 영인면 월선리 530,영인면,유개승강장
402,602,모원리,충청남도 아산시 영인면 월선리 174-1,영인면,유개승강장
403,603,모원리,충청남도 아산시 영인면 월선리 174-2,영인면,유개승강장
404,608,월선2리,충청남도 아산시 영인면 월선리 52-8,영인면,유개승강장
405,609,월선1리,충청남도 아산시 영인면 신운리 394-8,영인면,유개승강장
406,612,영인농협,충청남도 아산시 영인면 아산리 153-4,영인면,유개승강장+표지판
407,613,아산2리,충청남도 아산시 영인면 아산리 227-12,영인면,시설없음
408,614,아산2리,충청남도 아산시 영인면 아산리 227-12,영인면,유개승강장
409,615,아산3리,충청남도 아산시 영인면 아산리 265-4,영인면,표지판
410,616,아산3리,충청남도 아산시 영인면 아산리 265-4,영인면,유개승강장
411,617,창용1리,충청남도 아산시 영인면 창용리 461-3,영인면,유개승강장
412,619,구성2리,충청남도 아산시 영인면 구성리 73-16,영인면,유개승강장
413,620,구성1리,충청남도 아산시 영인면 구성리 386-1,영인면,유개승강장+표지판
414,621,와우리,충청남도 아산시 영인면 백석포리 14-10,영인면,표지판
415,622,와우리대추머리,충청남도 아산시 영인면 백석포리 104-17,영인면,유개승강장
416,628,와우리,충청남도 아산시 영인면 백석포리 14-10,영인면,유개승강장
417,629,역2리,충청남도 아산시 영인면 역리 234-4,영인면,유개승강장
418,630,신운1리 개사티,충청남도 아산시 영인면 신운리 723-1,영인면,유개승강장
419,631,역2리,충청남도 아산시 영인면 역리 207,영인면,시설없음
420,632,신운1리 개사티,충청남도 아산시 영인면 신운리 723-1,영인면,시설없음
421,633,아산리 갈매지,충청남도 아산시 영인면 아산리 312-4,영인면,유개승강장
422,634,아산리 갈매지,충청남도 아산시 영인면 아산리 312-4,영인면,시설없음
423,635,영인면사무소.영인초교,충청남도 아산시 영인면 아산리 460-2,영인면,표지판
424,637,영인농협,충청남도 아산시 영인면 아산리 149-3,영인면,표지판
425,640,신화초등학교,충청남도 아산시 영인면 신화리 271-2,영인면,시설없음
426,642,역리슈퍼,충청남도 아산시 영인면 역리 227-41,영인면,표지판
427,643,역리슈퍼,충청남도 아산시 영인면 역리 227-41,영인면,시설없음
428,644,아산교육지원청,충청남도 아산시 실옥동 155,온양4동,유개승강장
429,645,아산교육지원청,충청남도 아산시 실옥동 158-27,온양4동,유개승강장
430,647,석정4리,충청남도 아산시 염치읍 석정리 514-3,염치읍,유개승강장
431,648,곡교1리,충청남도 아산시 염치읍 곡교리 105-4,염치읍,유개승강장
432,649,염치농협,충청남도 아산시 염치읍 염성길 72,염치읍,시설없음
433,650,염치농협,충청남도 아산시 염치읍 염성리 228-1,염치읍,시설없음
434,651,염성2리,충청남도 아산시 염치읍 염성리 222-2,염치읍,시설없음
435,652,염성2리,충청남도 아산시 염치읍 염성리 267-1,염치읍,스마트승강장
436,653,신정삼거리,충청남도 아산시 방축동 146-1,온양4동,유개승강장
437,654,동아아파트,충청남도 아산시 방축동 139-28,온양4동,유개승강장
438,655,동아아파트,충청남도 아산시 방축동 142-6,온양4동,유개승강장
439,656,남산현대아파트,충청남도 아산시 방축동 137-14,온양4동,유개승강장
440,657,남산현대아파트,충청남도 아산시 방축동 138-19,온양4동,유개승강장
441,658,남산현대아파트앞,충청남도 아산시 방축동 134-17,온양4동,유개승강장+표지판
442,659,남산현대아파트앞,충청남도 아산시 방축동 111-3,온양4동,표지판
443,660,신정호저수지입구,충청남도 아산시 방축동 428-7,온양4동,유개승강장
444,661,아산실내수영장,충청남도 아산시 방축동 19-10,온양4동,유개승강장
445,662,백련암,충청남도 아산시 방축동 37-7,온양4동,유개승강장
446,663,방축현대아파트,충청남도 아산시 방축동 57-2,온양4동,유개승강장
447,664,방축주공아파트,충청남도 아산시 방축동 113-20,온양4동,유개승강장+표지판
448,665,오성하이츠2차,충청남도 아산시 방축동 112-34,온양4동,표지판
449,666,방축주공아파트,충청남도 아산시 방축동 113-20,온양4동,시설없음
450,667,방축현대아파트,충청남도 아산시 방축동 57-2,온양4동,표지판
451,668,백련암,충청남도 아산시 방축동 37-7,온양4동,표지판
452,669,아산실내수영장,충청남도 아산시 방축동 22-45,온양4동,유개승강장
453,670,신정호저수지입구,충청남도 아산시 방축동 428-7,온양4동,표지판
454,671,삼정백조아파트,충청남도 아산시 득산동 303,온양4동,유개승강장
455,673,염성1리토골,충청남도 아산시 염치읍 곡교리 457,염치읍,유개승강장
456,675,염성1리,충청남도 아산시 염치읍 염성리 77-3,염치읍,유개승강장
457,676,삼정백조아파트,충청남도 아산시 득산동 287-5,온양4동,표지판
458,677,곡교2리,충청남도 아산시 염치읍 곡교리 141-2,염치읍,유개승강장
459,679,석정4리,충청남도 아산시 염치읍 석정리 474-8,염치읍,유개승강장
460,684,유진전력앞,충청남도 아산시 실옥동 203-16,온양4동,표지판
461,685,유진전력앞,충청남도 아산시 실옥동 203-16,온양4동,유개승강장
462,686,실옥4통,충청남도 아산시 실옥동 294-17,온양4동,유개승강장
463,687,실옥4통,충청남도 아산시 실옥동 300-9,온양4동,표지판
464,688,배미빌라앞,충청남도 아산시 배미동 62,온양4동,시설없음
465,689,배미빌라앞,충청남도 아산시 배미동 62,온양4동,유개승강장
466,690,배미동,충청남도 아산시 배미동 87,온양4동,유개승강장
467,691,배미동,충청남도 아산시 배미동 80-3,온양4동,유개승강장
468,693,수광사입구,충청남도 아산시 배미동 107-2,온양4동,유개승강장
469,694,오성하이츠2차,충청남도 아산시 방축동 112-34,온양4동,유개승강장
470,695,신정호저수지,충청남도 아산시 방축동 410-35,온양4동,표지판
471,696,신정호저수지,충청남도 아산시 방축동 410-35,온양4동,유개승강장+표지판
472,697,(구)아산소방서,충청남도 아산시 권곡동 170-8,온양3동,유개승강장+표지판
473,698,권곡초등학교,충청남도 아산시 권곡동 187-3,온양3동,유개승강장
474,699,삼부르네상스아파트,충청남도 아산시 권곡동 409-117,온양3동,유개승강장+표지판
475,700,온양민속박물관,충청남도 아산시 권곡동 404-2,온양3동,유개승강장+표지판
476,701,권곡주공아파트,충청남도 아산시 권곡동 606-2,온양3동,유개승강장
477,702,충남경제진흥원,충청남도 아산시 염치읍 송곡리 113-9,염치읍,시설없음
478,703,송곡2리,충청남도 아산시 염치읍 송곡리 112-357,염치읍,시설없음
479,704,송곡2리,충청남도 아산시 염치읍 송곡리 112-357,염치읍,시설없음
480,706,온양민속박물관,충청남도 아산시 권곡동 404-2,온양3동,유개승강장
481,707,성환아파트,충청남도 아산시 권곡동 409-117,온양3동,유개승강장+표지판
482,708,권곡초등학교,충청남도 아산시 권곡동 185-4,온양3동,유개승강장+표지판
483,709,(구)아산소방서,충청남도 아산시 모종동 363-11,온양3동,유개승강장
484,710,온양여중고,충청남도 아산시 모종동 592-9,온양3동,유개승강장
485,711,송악사거리,충청남도 아산시 온천동 74-4,온양1동,유개승강장
486,712,동신초등학교,충청남도 아산시 풍기동 210-47,온양6동,유개승강장
487,713,온양여중고,충청남도 아산시 풍기동 215-4,온양6동,유개승강장
488,714,송악사거리,충청남도 아산시 온천동 75-1,온양2동,유개승강장
489,715,고속버스터미널 시티노래방앞,충청남도 아산시 모종동 566,온양3동,스마트승강장
490,716,석정2리,충청남도 아산시 염치읍 석정리 52-3,염치읍,표지판
491,717,곡교천시민체육공원,충청남도 아산시 염치읍 석정리 52-30,염치읍,표지판
492,718,경남아너스빌,충청남도 아산시 온천동 1275,온양1동,유개승강장
493,719,기업은행,충청남도 아산시 실옥동 20-55,온양4동,표지판
494,720,향군회관앞,충청남도 아산시 온천동 1298,온양2동,표지판
495,721,온양1동주민센터,충청남도 아산시 온천동 1352,온양1동,표지판
496,722,온양1동주민센터,충청남도 아산시 온천동 1355,온양1동,표지판
497,723,중부팬더아파트앞,충청남도 아산시 실옥동 151-31,온양4동,표지판
498,724,중부팬더아파트앞,충청남도 아산시 실옥동 27-42,온양4동,유개승강장
499,725,아산삼성요양병원,충청남도 아산시 온천동 230-11,온양1동,유개승강장
500,726,온양고등학교,충청남도 아산시 온천동 236-9,온양1동,유개승강장
501,727,온양고등학교,충청남도 아산시 온천동 235-4,온양1동,표지판
502,728,아산삼성요양병원,충청남도 아산시 온천동 232-16,온양2동,표지판
503,729,온양온천역,충청남도 아산시 온천동 212-12,온양2동,유개승강장
504,730,온양온천초교,충청남도 아산시 온천동 81-15,온양2동,유개승강장
505,731,온양온천초교,충청남도 아산시 온천동 80-13,온양1동,유개승강장
506,732,온양온천역 신한은행,충청남도 아산시 온천동 211-2,온양1동,유개승강장
507,733,상설시장,충청남도 아산시 온천동 278-115,온양1동,유개승강장+표지판
508,734,시민로사거리,충청남도 아산시 온천동 1554,온양1동,유개승강장+표지판
509,735,상설시장,충청남도 아산시 온천동 226-32,온양1동,유개승강장
510,736,온양1동 평생교육원,충청남도 아산시 온천동 1689,온양1동,표지판
511,737,아고오거리,충청남도 아산시 권곡동 553-4,온양3동,유개승강장
512,738,한올고등학교,충청남도 아산시 권곡동 550-11,온양3동,유개승강장
513,739,한올고등학교,충청남도 아산시 권곡동 547-49,온양3동,유개승강장
514,740,아고사거리,충청남도 아산시 권곡동 545-11,온양3동,유개승강장+표지판
515,741,충무아파트,충청남도 아산시 권곡동 540-17,온양3동,유개승강장+표지판
516,742,아고오거리,충청남도 아산시 온천동 1781,온양1동,유개승강장
517,743,온양온천역,충청남도 아산시 온천동 90-2,온양1동,유개승강장
518,744,온양온천역 유엘시티,충청남도 아산시 온천동 300-24,온양1동,스마트승강장
519,745,엑스포아파트,충청남도 아산시 염치읍 석정리 28-16,염치읍,유개승강장
520,746,한남프레시앙아파트,충청남도 아산시 염치읍 방현리 466-2,염치읍,유개승강장+표지판
521,747,용화고등학교,충청남도 아산시 용화동 38-47,온양5동,표지판
522,748,주공2단지,충청남도 아산시 용화동 356-1,온양5동,유개승강장+표지판
523,749,노인복지회관,충청남도 아산시 방축동 120-3,온양4동,유개승강장+표지판
524,750,노인복지회관,충청남도 아산시 방축동 119-2,온양4동,표지판
525,751,주공2단지,충청남도 아산시 용화동 701,온양5동,스마트승강장
526,752,어의정앞,충청남도 아산시 온천동 829-1,온양2동,표지판
527,753,온천마을아파트,충청남도 아산시 용화동 586,온양5동,유개승강장
528,754,용화고등학교,충청남도 아산시 용화동 38-47,온양5동,유개승강장
529,755,용화중학교,충청남도 아산시 용화동 44-21,온양5동,유개승강장+표지판
530,756,그린빌마트,충청남도 아산시 온천동 171-10,온양2동,표지판
531,757,한남프레시앙아파트,충청남도 아산시 염치읍 석정리 704-1,염치읍,유개승강장
532,758,석정1리마을회관,충청남도 아산시 염치읍 석정리 283-4,염치읍,유개승강장
533,760,석두1리,충청남도 아산시 염치읍 석두리 415,염치읍,유개승강장
534,761,고속버스터미널,충청남도 아산시 모종동 557-17,온양3동,유개승강장
535,763,아산시보건소,충청남도 아산시 모종동 573-2,온양3동,유개승강장
536,765,용화동정자나무,충청남도 아산시 온천동 164-5,온양2동,표지판
537,766,용화동정자나무,충청남도 아산시 온천동 164-5,온양5동,유개승강장
538,767,그린빌마트,충청남도 아산시 용화동 302-2,온양5동,표지판
539,768,굴다리,충청남도 아산시 온천동 209-3,온양2동,유개승강장+표지판
540,769,아산시보건소,충청남도 아산시 모종동 572-9,온양3동,표지판
541,770,송악나드리,충청남도 아산시 온천동 2192 전철 하부공간,온양5동,유개승강장+표지판
542,771,송악나드리,충청남도 아산시 온천동 2037,온양2동,표지판
543,772,주공1단지아파트,충청남도 아산시 온천동 2858,온양5동,유개승강장+표지판
544,773,주공1단지아파트,충청남도 아산시 온천동 2722,온양5동,유개승강장
545,775,아산시청,충청남도 아산시 온천동 1636,온양1동,유개승강장+표지판
546,776,아산시청 우체국,충청남도 아산시 온천동 1585,온양1동,유개승강장+표지판
547,777,신수2리,충청남도 아산시 음봉면 동천리 151-1,음봉면,유개승강장
548,778,신수2리,충청남도 아산시 음봉면 동천리 281-13,음봉면,유개승강장
549,779,동천1리,충청남도 아산시 음봉면 동천리 174-70,음봉면,유개승강장
550,780,동천1리,충청남도 아산시 음봉면 동천리 174-70,음봉면,유개승강장
551,781,동천2리,충청남도 아산시 음봉면 동천리 227-3,음봉면,유개승강장
552,782,동천2리,충청남도 아산시 음봉면 동천리 227-3,음봉면,유개승강장
553,783,충무유원지,충청남도 아산시 염치읍 동정리 8-9,염치읍,유개승강장
554,784,충무유원지,충청남도 아산시 염치읍 동정리 3-2,염치읍,표지판
555,785,충무충전소,충청남도 아산시 염치읍 방현리 234-21,염치읍,유개승강장+표지판
556,786,충무충전소,충청남도 아산시 염치읍 방현리 264-9,염치읍,유개승강장
557,787,방현2리,충청남도 아산시 염치읍 방현리 285-20,염치읍,유개승강장
558,788,방현2리,충청남도 아산시 염치읍 방현리 303-1,염치읍,유개승강장
559,789,방현3리,충청남도 아산시 염치읍 방현리 633,염치읍,시설없음
560,790,충무휴게소,충청남도 아산시 염치읍 방현리 473-4,염치읍,유개승강장
561,791,충무휴게소,충청남도 아산시 염치읍 방현리 346-7,염치읍,유개승강장
562,792,엑스포아파트,충청남도 아산시 염치읍 석정리 35-5,염치읍,유개승강장
563,793,민들레주유소,충청남도 아산시 염치읍 석정리 49,염치읍,유개승강장
564,794,민들레주유소,충청남도 아산시 염치읍 석정리 49,염치읍,표지판
565,795,석정2리,충청남도 아산시 염치읍 석정리 52-3,염치읍,표지판
566,796,곡교천시민체육공원,충청남도 아산시 염치읍 석정리 52-30,염치읍,유개승강장
567,797,온양1동 평생교육원,충청남도 아산시 온천동 1721,온양1동,표지판
568,799,성내1리 쇠재,충청남도 아산시 영인면 성내리 392-2,영인면,유개승강장
569,800,아산온천,충청남도 아산시 음봉면 신수리 292-6,음봉면,유개승강장+표지판
570,802,창용2리,충청남도 아산시 영인면 창용리 196-8,영인면,유개승강장
571,803,창용2리,충청남도 아산시 영인면 창용리 196-8,영인면,유개승강장
572,807,한성공장앞,충청남도 아산시 영인면 역리 681-1,영인면,표지판
573,808,신봉4리 작은철봉,충청남도 아산시 영인면 신봉리 785-2,영인면,유개승강장
574,811,창용4리 마산,충청남도 아산시 영인면 창용리 15-117,영인면,유개승강장
575,816,신봉1리 입구,충청남도 아산시 영인면 신봉리 1281,영인면,시설없음
576,818,신봉4리 작은철봉,충청남도 아산시 영인면 신봉리 784-4,영인면,유개승강장+표지판
577,821,안골마을회관,충청남도 아산시 영인면 성내리 744-7,영인면,유개승강장
578,822,신화1리,충청남도 아산시 영인면 신화리 281-1,영인면,시설없음
579,823,신화1리,충청남도 아산시 영인면 신화리 281-1,영인면,유개승강장
580,824,신화리,충청남도 아산시 영인면 신화리 60-3,영인면,표지판
581,825,신화리,충청남도 아산시 영인면 신화리 60-3,영인면,표지판
582,826,용수사,충청남도 아산시 영인면 신화리 105-9,영인면,표지판
583,827,용수사,충청남도 아산시 영인면 신화리 105-9,영인면,유개승강장+표지판
584,828,음봉농협,충청남도 아산시 음봉면 삼거리 204-2,음봉면,스마트승강장
585,829,음봉농협,충청남도 아산시 음봉면 삼거리 204-2,음봉면,표지판
586,830,이충무공묘,충청남도 아산시 음봉면 삼거리 275-2,음봉면,표지판
587,831,산정리,충청남도 아산시 음봉면 산정리 57-1,음봉면,표지판
588,832,산정리,충청남도 아산시 음봉면 산정리 57-1,음봉면,유개승강장
589,834,신남5리,충청남도 아산시 둔포면 신남리 751-14,둔포면,유개승강장
590,836,태정기공앞,충청남도 아산시 영인면 신봉리 864,영인면,유개승강장
591,838,신봉3리,충청남도 아산시 영인면 신봉리 160-20,영인면,시설없음
592,840,신봉3리,충청남도 아산시 영인면 신봉리 115-1,영인면,유개승강장
593,843,성내3리,충청남도 아산시 영인면 성내리 810-7,영인면,유개승강장
594,844,신봉2리 마을회관,충청남도 아산시 영인면 신봉리 1103-2,영인면,유개승강장
595,849,음봉초등학교,충청남도 아산시 음봉면 삼거리 285-8,음봉면,시설없음
596,850,이충무공묘,충청남도 아산시 음봉면 삼거리 275-2,음봉면,표지판
597,854,성내3리,충청남도 아산시 영인면 성내리 132-6,영인면,시설없음
598,855,산정리 건너말,충청남도 아산시 음봉면 산정리 269-11,음봉면,표지판
599,856,산정리 건너말,충청남도 아산시 음봉면 산정리 25-3,음봉면,시설없음
600,857,산정리,충청남도 아산시 음봉면 산정리 269-11,음봉면,시설없음
601,858,산정리,충청남도 아산시 음봉면 산정리 85-2,음봉면,시설없음
602,859,수철리 제펜네종점,충청남도 아산시 배방읍 수철리 159-3,배방읍,유개승강장
603,860,남동,충청남도 아산시 배방읍 공수리 911,배방읍,유개승강장+표지판
604,861,갈마지,충청남도 아산시 장존동 574-67,온양6동,유개승강장
605,862,온양6동주민센터 온양,충청남도 아산시 장존동 423-1,온양6동,유개승강장
606,863,온양초등학교,충청남도 아산시 읍내동 376,온양6동,유개승강장
607,864,읍내2통,충청남도 아산시 읍내동 138-14,온양6동,시설없음
608,865,초원아파트,충청남도 아산시 좌부동 282,온양6동,유개승강장
609,866,그린빌라,충청남도 아산시 배방읍 신흥리 193-3,배방읍,표지판
610,867,그린빌라,충청남도 아산시 배방읍 신흥리 193-3,배방읍,유개승강장+표지판
611,868,초원아파트,충청남도 아산시 배방읍 신흥리 144-1,배방읍,스마트승강장
612,869,좌부일통,충청남도 아산시 좌부동 200-4,온양6동,유개승강장+표지판
613,870,온양초등학교,충청남도 아산시 읍내동 376,온양6동,유개승강장
614,873,좌부일통,충청남도 아산시 좌부동 200-4,온양6동,시설없음
615,875,온양6동주민센터(송악),충청남도 아산시 장존동 413-14,온양6동,유개승강장
616,876,갈마지,충청남도 아산시 장존동 317-7,온양6동,표지판
617,877,강당2리,충청남도 아산시 송악면 강당리 118-2,송악면,시설없음
618,878,강당2리,충청남도 아산시 송악면 강당리 118-2,송악면,시설없음
619,879,구령1리,충청남도 아산시 배방읍 공수리 766,배방읍,유개승강장
620,880,신흥다세대,충청남도 아산시 배방읍 공수리 1385,배방읍,표지판
621,881,공수4리,충청남도 아산시 배방읍 공수리 183-4,배방읍,유개승강장
622,882,배방5차한성필하우스,충청남도 아산시 배방읍 공수리 1685,배방읍,유개승강장
623,883,공수4리,충청남도 아산시 배방읍 공수리 183-4,배방읍,유개승강장
624,884,신흥다세대,충청남도 아산시 배방읍 공수리 1385,배방읍,유개승강장
625,886,금곡초등학교,충청남도 아산시 배방읍 신흥리 264-8,배방읍,유개승강장
626,887,신흥리,충청남도 아산시 배방읍 중리 327-4,배방읍,유개승강장
627,889,수철3리 날마루,충청남도 아산시 배방읍 수철리 424-6,배방읍,표지판
628,890,수철저수지,충청남도 아산시 배방읍 수철리 270,배방읍,표지판
629,891,수철1리 제펜네,충청남도 아산시 배방읍 수철리 247-4,배방읍,시설없음
630,892,수철3리 날마루,충청남도 아산시 배방읍 수철리 417-1,배방읍,유개승강장
631,893,수철리 마릿골,충청남도 아산시 배방읍 수철리 813-7,배방읍,시설없음
632,894,중리3리,충청남도 아산시 배방읍 중리 90-10,배방읍,유개승강장
633,895,신흥리,충청남도 아산시 배방읍 중리 327-4,배방읍,표지판
634,897,금곡초등학교,충청남도 아산시 배방읍 신흥리 415-3,배방읍,유개승강장
635,898,한라비발디,충청남도 아산시 배방읍 공수리 290-33,배방읍,유개승강장+표지판
636,899,배방푸르지오,충청남도 아산시 배방읍 공수리 319-2,배방읍,유개승강장+표지판
637,900,중앙하이츠1차,충청남도 아산시 배방읍 공수리 575-10,배방읍,유개승강장
638,901,중앙하이츠1차,충청남도 아산시 배방읍 공수리 575-10,배방읍,유개승강장
639,902,모산중학교,충청남도 아산시 배방읍 공수리 319-2,배방읍,유개승강장+표지판
640,906,중리3리,충청남도 아산시 배방읍 중리 67-6,배방읍,시설없음
641,907,수철리 마릿골,충청남도 아산시 배방읍 수철리 813-7,배방읍,유개승강장
642,912,수철저수지,충청남도 아산시 배방읍 수철리 270,배방읍,시설없음
643,913,수철1리 제펜네,충청남도 아산시 배방읍 수철리 247-4,배방읍,유개승강장
644,914,수철1리 제팬네종점,충청남도 아산시 배방읍 수철리 159-3,배방읍,시설없음
645,915,수철리 명막골종점,충청남도 아산시 배방읍 수철리 54-3,배방읍,유개승강장
646,916,북수7리,충청남도 아산시 배방읍 북수리 101-5,배방읍,시설없음
647,917,호서대학교입구,충청남도 아산시 배방읍 세출리 422-22,배방읍,표지판
648,919,호서대학교입구,충청남도 아산시 배방읍 세출리 422-22,배방읍,시설없음
649,920,세출리,충청남도 아산시 배방읍 세출리 345-3,배방읍,유개승강장
650,921,회룡1리 마을회관,충청남도 아산시 배방읍 회룡리 38-6,배방읍,표지판
651,922,회룡2리,충청남도 아산시 배방읍 회룡리 180-5,배방읍,시설없음
652,923,북수7리,충청남도 아산시 배방읍 북수리 101-5,배방읍,유개승강장
653,924,북수1리 입구,충청남도 아산시 배방읍 북수리 201,배방읍,시설없음
654,925,윤정사앞,충청남도 아산시 배방읍 북수리 886,배방읍,시설없음
655,929,갈매2리,충청남도 아산시 배방읍 갈매리 230-10,배방읍,시설없음
656,930,갈매보건지소,충청남도 아산시 배방읍 갈매리 129-3,배방읍,표지판
657,931,세교1리,충청남도 아산시 배방읍 세교리 96-1,배방읍,시설없음
658,932,세교2리 안골,충청남도 아산시 배방읍 세교리 247-6,배방읍,유개승강장
659,933,세교2리 안골,충청남도 아산시 배방읍 세교리 247-6,배방읍,시설없음
660,934,갈매2리,충청남도 아산시 배방읍 갈매리 230-10,배방읍,유개승강장
661,945,갈매보건지소,충청남도 아산시 배방읍 갈매리 174-14,배방읍,시설없음
662,946,신동,충청남도 아산시 배방읍 구령리 1411,배방읍,유개승강장
663,947,대림아파트,충청남도 아산시 모종동 625,온양3동,유개승강장+표지판
664,948,신일아파트입구,충청남도 아산시 염치읍 송곡리 71-6,염치읍,표지판
665,949,현충사입구,충청남도 아산시 염치읍 백암리 291-17,염치읍,표지판
666,950,대림아파트,충청남도 아산시 모종동 428-3,온양3동,유개승강장
667,951,이마트 아산점,충청남도 아산시 모종동 730,온양3동,유개승강장
668,952,풍기3통,충청남도 아산시 모종동 63-7,온양3동,유개승강장
669,953,모종2통,충청남도 아산시 모종동 63-7,온양3동,유개승강장
670,954,백암2리,충청남도 아산시 염치읍 백암리 16-12,염치읍,유개승강장
671,955,방현1리,충청남도 아산시 염치읍 방현리 72-2,염치읍,시설없음
672,957,신일아파트입구,충청남도 아산시 염치읍 송곡리 71-6,염치읍,유개승강장
673,958,신일아파트,충청남도 아산시 염치읍 송곡리 61-4,염치읍,유개승강장
674,959,백암2리,충청남도 아산시 염치읍 백암리 182-50,염치읍,유개승강장
675,960,장호빌딩,충청남도 아산시 배방읍 공수리 146-2,배방읍,유개승강장
676,961,모산,충청남도 아산시 배방읍 공수리 68-1,배방읍,유개승강장
677,962,모산,충청남도 아산시 배방읍 공수리 68-1,배방읍,표지판
678,963,오류동 아산세무서,충청남도 아산시 배방읍 공수리 1643,배방읍,유개승강장
679,964,장호빌딩,충청남도 아산시 배방읍 공수리 146-2,배방읍,스마트승강장
680,965,오류동 아산세무서,충청남도 아산시 배방읍 공수리 141-8,배방읍,유개승강장
681,967,용두1리,충청남도 아산시 탕정면 용두리 492-8,탕정면,유개승강장
682,968,용두1리,충청남도 아산시 탕정면 용두리 499-6,탕정면,유개승강장
683,971,에이스주택,충청남도 아산시 음봉면 동암리 621,음봉면,유개승강장
684,976,송촌리 물너목,충청남도 아산시 음봉면 송촌리 315-8,음봉면,유개승강장
685,977,송촌리 물너목,충청남도 아산시 음봉면 송촌리 315-8,음봉면,유개승강장
686,978,삼거2리,충청남도 아산시 음봉면 삼거리 63-2,음봉면,시설없음
687,979,삼거2리,충청남도 아산시 음봉면 삼거리 73-5,음봉면,유개승강장
688,980,원남1리,충청남도 아산시 음봉면 원남리 248-4,음봉면,유개승강장
689,981,신정1리,충청남도 아산시 음봉면 신정리 46-7,음봉면,유개승강장
690,982,봉재2리,충청남도 아산시 둔포면 봉재리 397-9,둔포면,유개승강장
691,983,봉재1리,충청남도 아산시 둔포면 관대리 219-12,둔포면,유개승강장
692,984,산전리,충청남도 아산시 둔포면 관대리 194-4,둔포면,유개승강장
693,985,관대리,충청남도 아산시 둔포면 관대리 176-2,둔포면,유개승강장
694,986,송용2리,충청남도 아산시 둔포면 관대리 109-3,둔포면,표지판
695,989,산전리,충청남도 아산시 둔포면 관대리 194-4,둔포면,유개승강장
696,990,봉재1리,충청남도 아산시 둔포면 관대리 219-8,둔포면,유개승강장
697,991,봉재2리,충청남도 아산시 둔포면 봉재리 398-5,둔포면,유개승강장
698,993,원남리 두원공조,충청남도 아산시 음봉면 원남리 338-4,음봉면,유개승강장
699,994,소동2리 송암,충청남도 아산시 음봉면 소동리 343-5,음봉면,유개승강장
700,995,소동2리 송암,충청남도 아산시 음봉면 소동리 343-5,음봉면,유개승강장
701,996,원남리 두원공조,충청남도 아산시 음봉면 원남리 338-4,음봉면,유개승강장
702,997,원남1리,충청남도 아산시 음봉면 원남리 248-4,음봉면,유개승강장
703,1002,신항1리,충청남도 아산시 둔포면 신항리 125-16,둔포면,유개승강장
704,1004,봉재1리 장재울,충청남도 아산시 둔포면 봉재리 208-1,둔포면,유개승강장
705,1005,동암리,충청남도 아산시 음봉면 동암리 495-34,음봉면,유개승강장
706,1006,동암리,충청남도 아산시 음봉면 동암리 443-1,음봉면,유개승강장
707,1007,송촌리 재넘어,충청남도 아산시 음봉면 동암리 205-4,음봉면,유개승강장
708,1009,송촌리,충청남도 아산시 음봉면 송촌리 128-2,음봉면,유개승강장
709,1010,송촌리,충청남도 아산시 음봉면 송촌리 128-2,음봉면,유개승강장+표지판
710,1012,소동1리,충청남도 아산시 음봉면 소동리 274-1,음봉면,유개승강장
711,1013,소동3리,충청남도 아산시 음봉면 소동리 7-5,음봉면,유개승강장
712,1014,신휴2리마을회관,충청남도 아산시 음봉면 신휴리 322-1,음봉면,시설없음
713,1015,송촌리 재넘어,충청남도 아산시 음봉면 동암리 641,음봉면,유개승강장
714,1017,신휴2리마을회관,충청남도 아산시 음봉면 신휴리 322-1,음봉면,유개승강장
715,1018,광성정밀,충청남도 아산시 음봉면 쌍룡리 374-2,음봉면,시설없음
716,1019,광성정밀,충청남도 아산시 음봉면 쌍룡리 374-2,음봉면,표지판
717,1022,소동2리,충청남도 아산시 음봉면 소동리 359-8,음봉면,유개승강장+표지판
718,1024,신양2리,충청남도 아산시 둔포면 신양리 517,둔포면,유개승강장
719,1025,신양1리,충청남도 아산시 둔포면 신양리 207-18,둔포면,유개승강장
720,1029,호서웨딩프라자,충청남도 아산시 배방읍 북수리 2-3,배방읍,유개승강장
721,1030,북수3리,충청남도 아산시 배방읍 북수리 607-4,배방읍,유개승강장
722,1031,북수5리,충청남도 아산시 배방읍 북수리 609-1,배방읍,유개승강장
723,1032,북수6리,충청남도 아산시 배방읍 북수리 1510,배방읍,유개승강장+표지판
724,1033,호서웨딩프라자,충청남도 아산시 배방읍 세교리 965-31,배방읍,스마트승강장
725,1035,갈산리,충청남도 아산시 탕정면 갈산리 851,탕정면,유개승강장
726,1036,갈산리,충청남도 아산시 탕정면 갈산리 569-8,탕정면,유개승강장
727,1037,탕정초등학교,충청남도 아산시 탕정면 갈산리 525-2,탕정면,유개승강장
728,1038,탕정초등학교,충청남도 아산시 탕정면 갈산리 525-2,탕정면,유개승강장
729,1039,선문대학교,충청남도 아산시 탕정면 갈산리 64-1,탕정면,유개승강장+표지판
730,1040,선문대학교,충청남도 아산시 탕정면 갈산리 64-1,탕정면,유개승강장+표지판
731,1041,탕정농협,충청남도 아산시 탕정면 호산리 517-12,탕정면,표지판
732,1042,탕정농협,충청남도 아산시 탕정면 호산리 산64-1,탕정면,유개승강장+표지판
733,1043,호산1리,충청남도 아산시 탕정면 호산리 489-5,탕정면,유개승강장
734,1044,호산1리,충청남도 아산시 탕정면 호산리 489-5,탕정면,유개승강장
735,1045,호산3리,충청남도 아산시 탕정면 호산리 202-3,탕정면,시설없음
736,1046,호산3리,충청남도 아산시 탕정면 호산리 202-3,탕정면,유개승강장
737,1047,매곡2리신풍교,충청남도 아산시 탕정면 매곡리 171-1,탕정면,표지판
738,1048,매곡2리신풍교,충청남도 아산시 탕정면 매곡리 171-1,탕정면,유개승강장
739,1049,매곡1리,충청남도 아산시 탕정면 매곡리 532-10,탕정면,시설없음
740,1050,매곡1리,충청남도 아산시 탕정면 매곡리 532-10,탕정면,시설없음
741,1052,덕지리,충청남도 아산시 음봉면 덕지리 386-4,음봉면,유개승강장
742,1053,포스코아파트정문,충청남도 아산시 음봉면 덕지리 438-1,음봉면,유개승강장
743,1054,동암1교차로,충청남도 아산시 음봉면 동암리 294-1,음봉면,유개승강장
744,1055,포스코아파트후문,충청남도 아산시 음봉면 월랑리 138-3,음봉면,표지판
745,1056,제자교회,충청남도 아산시 음봉면 덕지리 55-1,음봉면,표지판
746,1058,초원그린타운아파트,충청남도 아산시 음봉면 덕지리 21-6,음봉면,유개승강장
747,1059,한라아파트,충청남도 아산시 탕정면 동산리 86-4,탕정면,유개승강장
748,1060,동덕초등학교,충청남도 아산시 탕정면 동산리 477-7,탕정면,유개승강장
749,1061,호산2리,충청남도 아산시 탕정면 호산리 325-4,탕정면,표지판
750,1062,호산2리,충청남도 아산시 탕정면 호산리 325-4,탕정면,유개승강장
751,1063,탕정농공단지입구,충청남도 아산시 탕정면 동산리 460-1,탕정면,표지판
752,1064,동덕초등학교,충청남도 아산시 탕정면 동산리 424-2,탕정면,유개승강장
753,1065,한라아파트,충청남도 아산시 탕정면 동산리 87-3,탕정면,유개승강장
754,1067,삼성전자 기숙사,충청남도 아산시 탕정면 명암리 1351,탕정면,유개승강장
755,1068,삼성전자 기숙사,충청남도 아산시 탕정면 명암리 1351,탕정면,유개승강장
756,1069,명암3리,충청남도 아산시 탕정면 명암리 1310,탕정면,유개승강장
757,1070,홍익아파트,충청남도 아산시 탕정면 호산리 570-5,탕정면,표지판
758,1071,탕정농공단지입구,충청남도 아산시 탕정면 동산리 460-1,탕정면,표지판
759,1072,삼성디스플레이,충청남도 아산시 탕정면 명암리 1322,탕정면,표지판
760,1074,동암1교차로,충청남도 아산시 음봉면 동암리 294-1,음봉면,유개승강장
761,1077,쑥고개,충청남도 아산시 배방읍 장재리 2111,배방읍,유개승강장
762,1080,신라아파트,충청남도 아산시 배방읍 세교리 420-76,배방읍,유개승강장
763,1081,쑥고개,충청남도 아산시 배방읍 세교리 420-9,배방읍,시설없음
764,1083,삼일아파트,충청남도 아산시 음봉면 산동리 952-3,음봉면,스마트승강장
765,1085,동산리,충청남도 아산시 탕정면 동산리 199-1,탕정면,유개승강장
766,1086,동산리,충청남도 아산시 탕정면 동산리 199-1,탕정면,유개승강장
767,1087,월랑1리 새텃말,충청남도 아산시 음봉면 월랑리 311-1,음봉면,표지판
768,1088,휴대2리,충청남도 아산시 배방읍 휴대리 335-3,배방읍,시설없음
769,1089,아산정신병원,충청남도 아산시 배방읍 세교리 351-4,배방읍,유개승강장
770,1090,아산정신병원,충청남도 아산시 배방읍 세교리 351-4,배방읍,시설없음
771,1091,태헌장미아파트,충청남도 아산시 음봉면 산동리 440-7,음봉면,유개승강장
772,1092,삼일아파트,충청남도 아산시 음봉면 산동리 431-12,음봉면,유개승강장
773,1094,태헌장미아파트,충청남도 아산시 음봉면 산동리 423-19,음봉면,스마트승강장
774,1095,쌍용1리,충청남도 아산시 음봉면 쌍룡리 198-2,음봉면,유개승강장
775,1096,쌍용초등학교,충청남도 아산시 음봉면 쌍룡리 59-7,음봉면,표지판
776,1097,쌍암2리,충청남도 아산시 음봉면 쌍암리 266-2,음봉면,유개승강장
777,1098,쌍암리,충청남도 아산시 음봉면 의식리 134-2,음봉면,표지판
778,1099,신휴2리,충청남도 아산시 음봉면 신휴리 402-3,음봉면,시설없음
779,1100,신휴2리,충청남도 아산시 음봉면 신휴리 402-3,음봉면,표지판
780,1101,월랑1리 마을회관,충청남도 아산시 음봉면 월랑리 362,음봉면,유개승강장
781,1102,월랑1리 마을회관,충청남도 아산시 음봉면 월랑리 362,음봉면,시설없음
782,1103,월랑2리 장수,충청남도 아산시 음봉면 월랑리 197-6,음봉면,유개승강장
783,1104,쌍암리,충청남도 아산시 음봉면 의식리 134-2,음봉면,시설없음
784,1105,쌍암2리 담안,충청남도 아산시 음봉면 쌍암리 210-1,음봉면,유개승강장
785,1106,쌍암2리 담안,충청남도 아산시 음봉면 쌍암리 210-1,음봉면,시설없음
786,1107,백만슈퍼,충청남도 아산시 둔포면 석곡리 12-4,둔포면,표지판
787,1108,염작2리 마을회관,충청남도 아산시 둔포면 석곡리 12-21,둔포면,표지판
788,1109,동성전자앞,충청남도 아산시 둔포면 염작리 98-15,둔포면,표지판
789,1110,염작2리 삼거리,충청남도 아산시 둔포면 염작리 98-15,둔포면,표지판
790,1111,신휴1리 신부엉골,충청남도 아산시 둔포면 석곡리 2036,둔포면,시설없음
791,1112,염작2리 입구,충청남도 아산시 둔포면 석곡리 2066,둔포면,표지판
792,1113,신휴3리,충청남도 아산시 음봉면 신휴리 460-2,음봉면,유개승강장
793,1115,신휴1리 구부엉골,충청남도 아산시 음봉면 신휴리 90-15,음봉면,시설없음
794,1116,신휴1리 구부엉골,충청남도 아산시 음봉면 신휴리 90-15,음봉면,유개승강장
795,1117,쌍용초등학교,충청남도 아산시 음봉면 쌍룡리 59-7,음봉면,유개승강장
796,1118,쌍암2리,충청남도 아산시 음봉면 쌍암리 266-2,음봉면,유개승강장
797,1119,월랑2리 장수,충청남도 아산시 음봉면 월랑리 197-6,음봉면,표지판
798,1122,영농조합,충청남도 아산시 음봉면 의식리 356-5,음봉면,표지판
799,1123,영농조합,충청남도 아산시 음봉면 의식리 356-5,음봉면,표지판
800,1124,신휴리,충청남도 아산시 음봉면 신휴리 106-38,음봉면,시설없음
801,1125,신휴리,충청남도 아산시 음봉면 신휴리 106-38,음봉면,유개승강장
802,1135,의식리,충청남도 아산시 음봉면 의식리 21-10,음봉면,시설없음
803,1136,의식리,충청남도 아산시 음봉면 의식리 21-10,음봉면,시설없음
804,1137,창용3리,충청남도 아산시 영인면 창용리 27-176,영인면,유개승강장
805,1139,창용2리 당개,충청남도 아산시 영인면 창용리 62-3,영인면,유개승강장
806,1140,창용3리,충청남도 아산시 영인면 창용리 27-176,영인면,유개승강장
807,1141,창용4리,충청남도 아산시 영인면 창용리 30-6,영인면,유개승강장
808,1143,신법1리,충청남도 아산시 둔포면 신법리 162-7,둔포면,유개승강장
809,1144,신법2리,충청남도 아산시 둔포면 신법리 157-15,둔포면,유개승강장
810,1145,신법2리,충청남도 아산시 둔포면 신법리 405-9,둔포면,유개승강장
811,1147,남창초등학교,충청남도 아산시 둔포면 신남리 239-6,둔포면,유개승강장
812,1148,신남1리,충청남도 아산시 둔포면 신남리 200-2,둔포면,유개승강장
813,1150,신법1리,충청남도 아산시 둔포면 신법리 162-7,둔포면,유개승강장
814,1151,남부빌라,충청남도 아산시 둔포면 둔포리 374-3,둔포면,유개승강장+표지판
815,1152,남부빌라,충청남도 아산시 둔포면 둔포리 374-3,둔포면,표지판
816,1153,송용1리,충청남도 아산시 둔포면 송용리 3-2,둔포면,유개승강장
817,1154,둔포신협,충청남도 아산시 둔포면 둔포리 417-2,둔포면,유개승강장
818,1155,둔포오거리,충청남도 아산시 둔포면 둔포리 462-12,둔포면,유개승강장
819,1156,둔포오거리,충청남도 아산시 둔포면 둔포리 462-12,둔포면,스마트승강장
820,1157,둔포1리,충청남도 아산시 둔포면 둔포리 417-2,둔포면,표지판
821,1158,시포리,충청남도 아산시 둔포면 시포리 109-1,둔포면,유개승강장
822,1160,송용1리,충청남도 아산시 둔포면 송용리 3-2,둔포면,유개승강장
823,1161,둔포초등학교,충청남도 아산시 둔포면 둔포리 415-10,둔포면,유개승강장+표지판
824,1162,둔포초등학교,충청남도 아산시 둔포면 둔포리 415-10,둔포면,표지판
825,1164,관대리 더리미,충청남도 아산시 둔포면 관대리 59-8,둔포면,유개승강장+표지판
826,1179,운용2리,충청남도 아산시 둔포면 둔포리 4-7,둔포면,시설없음
827,1180,석곡1리 독골,충청남도 아산시 둔포면 석곡리 293-11,둔포면,유개승강장
828,1188,비둘기아파트,충청남도 아산시 둔포면 둔포리 296-3,둔포면,시설없음
829,1189,비둘기아파트,충청남도 아산시 둔포면 둔포리 287-2,둔포면,시설없음
830,1190,둔포중학교,충청남도 아산시 둔포면 둔포리 282-2,둔포면,표지판
831,1191,둔포중학교,충청남도 아산시 둔포면 둔포리 282-2,둔포면,시설없음
832,1194,봉헌농원,충청남도 아산시 둔포면 운교리 4-27,둔포면,시설없음
833,1195,봉헌농원,충청남도 아산시 둔포면 운교리 4-27,둔포면,표지판
834,1196,석곡1리 독골,충청남도 아산시 둔포면 석곡리 293-11,둔포면,시설없음
835,1197,백남아파트,충청남도 아산시 둔포면 운교리 144-1,둔포면,시설없음
836,1198,백남아파트,충청남도 아산시 둔포면 운교리 221,둔포면,시설없음
837,1199,엘림가든,충청남도 아산시 둔포면 운교리 144-6,둔포면,시설없음
838,1200,엘림가든,충청남도 아산시 둔포면 운교리 144-6,둔포면,시설없음
839,1201,운교2리마을회관,충청남도 아산시 둔포면 운교리 36-1,둔포면,시설없음
840,1202,운교2리마을회관,충청남도 아산시 둔포면 운교리 36-1,둔포면,유개승강장
841,1203,아산전자기계고등학교,충청남도 아산시 둔포면 둔포리 242-11,둔포면,표지판
842,1204,아산전자기계고등학교,충청남도 아산시 둔포면 둔포리 249-4,둔포면,유개승강장+표지판
843,1205,운용2리,충청남도 아산시 둔포면 둔포리 4-7,둔포면,시설없음
844,1212,운용3리 토막사,충청남도 아산시 둔포면 운용리 267-1,둔포면,유개승강장+표지판
845,1221,염작2리입구,충청남도 아산시 둔포면 석곡리 1624,둔포면,시설없음
846,1224,염작1리입구,충청남도 아산시 둔포면 염작리 286-39,둔포면,시설없음
847,1225,염작1리입구,충청남도 아산시 둔포면 염작리 286-39,둔포면,표지판
848,1226,원농원,충청남도 아산시 둔포면 염작리 283-19,둔포면,시설없음
849,1227,원농원,충청남도 아산시 둔포면 염작리 283-19,둔포면,표지판
850,1228,염작1리,충청남도 아산시 둔포면 염작리 202-12,둔포면,시설없음
851,1229,염작1리,충청남도 아산시 둔포면 염작리 202-12,둔포면,유개승강장
852,1230,운용1리,충청남도 아산시 둔포면 운용리 129-3,둔포면,시설없음
853,1231,운용1리,충청남도 아산시 둔포면 운용리 129-3,둔포면,시설없음
854,1232,운용3리 토막사,충청남도 아산시 둔포면 운용리 267-1,둔포면,유개승강장+표지판
855,1269,휴대리입구,충청남도 아산시 배방읍 휴대리 178-2,배방읍,유개승강장
856,1439,오암2리회관,충청남도 아산시 도고면 오암리 62-1,도고면,유개승강장
857,1442,유곡2리,충청남도 아산시 송악면 유곡리 289-1,송악면,표지판
858,1443,유곡2리,충청남도 아산시 송악면 유곡리 289-1,송악면,시설없음
859,1444,유곡3리종점,충청남도 아산시 송악면 유곡리 397,송악면,표지판
860,1449,장미아파트,충청남도 아산시 신창면 남성리 70-8,신창면,유개승강장
861,1450,동정리,충청남도 아산시 염치읍 동정리 258-4,염치읍,시설없음
862,1451,쌍죽리 종점,충청남도 아산시 염치읍 쌍죽리 32-18,염치읍,시설없음
863,1452,쌍죽리마을회관,충청남도 아산시 염치읍 쌍죽리 123-2,염치읍,시설없음
864,1454,신봉1리 큰철봉,충청남도 아산시 영인면 신봉리 705-6,영인면,유개승강장
865,1455,공수리,충청남도 아산시 배방읍 공수리 446-1,배방읍,표지판
866,1456,백암2리,충청남도 아산시 염치읍 백암리 330-24,염치읍,유개승강장
867,1457,용두2리,충청남도 아산시 탕정면 명암리 1335,탕정면,표지판
868,1458,대동리 황골,충청남도 아산시 염치읍 대동리 104-3,염치읍,표지판
869,1466,KCC,충청남도 아산시 염치읍 서원리 81-41,염치읍,표지판
870,1467,공수1리,충청남도 아산시 배방읍 공수리 446-1,배방읍,시설없음
871,1468,득산동,충청남도 아산시 득산동 317-1,온양4동,표지판
872,1469,득산동,충청남도 아산시 득산동 317-1,온양4동,시설없음
873,1472,희안마을,충청남도 아산시 방축동 613,온양4동,유개승강장
874,1473,희안마을,충청남도 아산시 방축동 613,온양4동,시설없음
875,1478,구령리,충청남도 아산시 배방읍 구령리 367-1,배방읍,시설없음
876,1479,구령리,충청남도 아산시 배방읍 구령리 357-3,배방읍,시설없음
877,1480,가덕1리,충청남도 아산시 신창면 가덕리 161-2,신창면,유개승강장
878,1483,덕암리 바깥삭실,충청남도 아산시 도고면 덕암리 88-2,도고면,유개승강장
879,1485,죽산1리,충청남도 아산시 선장면 죽산리 70-2,선장면,유개승강장
880,1486,현대차사원아파트,충청남도 아산시 인주면 대음리 197-8,인주면,유개승강장
881,1487,신현리,충청남도 아산시 영인면 신현리 212-16,영인면,유개승강장+표지판
882,1488,신현리,충청남도 아산시 영인면 신현리 212-22,영인면,표지판
883,1490,구령1리,충청남도 아산시 배방읍 구령리 397-16,배방읍,유개승강장
884,1491,용두2리,충청남도 아산시 탕정면 명암리 1335,탕정면,표지판
885,1492,대동리 황골,충청남도 아산시 염치읍 대동리 104-3,염치읍,시설없음
886,1493,백암2리,충청남도 아산시 염치읍 백암리 330-24,염치읍,시설없음
887,1494,명암3리,충청남도 아산시 탕정면 명암리 1310,탕정면,시설없음
888,1495,세교1리,충청남도 아산시 배방읍 세교리 96-1,배방읍,유개승강장
889,1496,현충사,충청남도 아산시 염치읍 백암리 286-1,염치읍,유개승강장
890,1497,샘마을아파트,충청남도 아산시 신창면 남성리 833,신창면,유개승강장+표지판
891,1500,갈산2리 여술,충청남도 아산시 탕정면 갈산리 430-1,탕정면,유개승강장
892,1501,갈산2리 여술,충청남도 아산시 탕정면 갈산리 430-1,탕정면,유개승강장
893,1505,서남대학교,충청남도 아산시 송악면 평촌리 105-14,송악면,시설없음
894,1537,수곡리,충청남도 아산시 송악면 수곡리 224-5,송악면,표지판
895,1538,수곡1리 노인정,충청남도 아산시 송악면 수곡리 229,송악면,시설없음
896,1539,수곡1리,충청남도 아산시 송악면 수곡리 224-5,송악면,시설없음
897,1541,동일하이빌a,충청남도 아산시 풍기동 295-5,온양6동,유개승강장
898,1542,아산경찰서,충청남도 아산시 풍기동 295-10,온양6동,유개승강장
899,1544,대주아파트,충청남도 아산시 신창면 행목리 250-3,신창면,유개승강장+표지판
900,1545,신정호관광지,충청남도 아산시 방축동 422-1,온양4동,스마트승강장
901,1546,이마트 아산점,충청남도 아산시 모종동 730,온양3동,유개승강장
902,1547,포스코아파트후문,충청남도 아산시 음봉면 월랑리 139-1,음봉면,유개승강장
903,1548,수철2리,충청남도 아산시 배방읍 수철리 619-7,배방읍,표지판
904,1552,충남경제진흥원,충청남도 아산시 염치읍 송곡리 113-2,염치읍,시설없음
905,1553,배방효성해링턴아파트,충청남도 아산시 배방읍 공수리 1685,배방읍,유개승강장
906,1554,정문거리,충청남도 아산시 장존동 574-62,온양6동,시설없음
907,1555,외암3리,충청남도 아산시 송악면 외암리 575-6,송악면,표지판
908,1556,외암3리,충청남도 아산시 송악면 외암리 575-6,송악면,유개승강장
909,1557,공수1리,충청남도 아산시 배방읍 공수리 1053,배방읍,유개승강장+표지판
910,1558,공수1리,충청남도 아산시 배방읍 공수리 1053,배방읍,시설없음
911,1559,삼거1리,충청남도 아산시 음봉면 삼거리 285-5,음봉면,표지판
912,1560,삼거1리,충청남도 아산시 음봉면 삼거리 285-5,음봉면,표지판
913,1561,음봉초등학교,충청남도 아산시 음봉면 삼거리 285-8,음봉면,시설없음
914,1563,남성3리 복지회관,충청남도 아산시 신창면 남성리 103-3,신창면,유개승강장
915,1564,남성3리 복지회관,충청남도 아산시 신창면 남성리 72,신창면,시설없음
916,1565,읍내2통,충청남도 아산시 읍내동 138-14,온양6동,시설없음
917,1566,대흥4리각골,충청남도 아산시 선장면 대흥리 277-40,선장면,유개승강장+표지판
918,1569,궁평3리,충청남도 아산시 선장면 가산리 526-7,선장면,표지판
919,1571,선창1리입구,충청남도 아산시 선장면 선창리 355-2,선장면,유개승강장
920,1576,신유리 팽나무갱이,충청남도 아산시 도고면 신유리 214-1,도고면,유개승강장
921,1578,경희학성아파트,충청남도 아산시 신창면 읍내리 산34-13,신창면,유개승강장
922,1582,덕암리입구,충청남도 아산시 도고면 신유리 14-6,도고면,유개승강장
923,1584,백남아파트,충청남도 아산시 둔포면 둔포리 363-3,둔포면,유개승강장
924,1585,백남아파트,충청남도 아산시 둔포면 둔포리 363-3,둔포면,시설없음
925,1586,곡교1리,충청남도 아산시 염치읍 곡교리 105-5,염치읍,유개승강장
926,1587,KCC앞,충청남도 아산시 염치읍 서원리 산34-3,염치읍,표지판
927,1588,금성리 마을회관,충청남도 아산시 인주면 금성리 183-2,인주면,유개승강장+표지판
928,1589,인주농협,충청남도 아산시 인주면 밀두리 158-6,인주면,표지판
929,1592,갈매1리 암소개,충청남도 아산시 배방읍 갈매리 137-2,배방읍,유개승강장+표지판
930,1593,갈매1리 암소개,충청남도 아산시 배방읍 갈매리 139-1,배방읍,시설없음
931,1594,세출리 세나리펄,충청남도 아산시 배방읍 세출리 413-48,배방읍,표지판
932,1595,세출리 세나리펄,충청남도 아산시 배방읍 세출리 413-48,배방읍,표지판
933,1596,행목1리 칠목,충청남도 아산시 신창면 행목리 273-2,신창면,유개승강장
934,1597,명암2리 장목이,충청남도 아산시 탕정면 명암리 1358,탕정면,유개승강장
935,1598,북수6리 꽃동네,충청남도 아산시 배방읍 북수리 1369,배방읍,유개승강장
936,1599,북수6리 꽃동네,충청남도 아산시 배방읍 북수리 1332,배방읍,표지판
937,1602,금호어울림아파트,충청남도 아산시 배방읍 북수리 1231,배방읍,유개승강장
938,1603,금호어울림아파트,충청남도 아산시 배방읍 북수리 1175,배방읍,유개승강장
939,1604,삼성전자,충청남도 아산시 배방읍 북수리 723-7,배방읍,유개승강장+표지판
940,1605,신화초등학교,충청남도 아산시 영인면 신화리 523-29,영인면,표지판
941,1606,정우테크,충청남도 아산시 인주면 해암리 128-2,인주면,표지판
942,1607,정우테크,충청남도 아산시 인주면 해암리 128-2,인주면,표지판
943,1608,신한아파트,충청남도 아산시 배방읍 세교리 425-3,배방읍,유개승강장
944,1609,인주농협,충청남도 아산시 인주면 밀두리 543,인주면,시설없음
945,1611,용화동 홍거리,충청남도 아산시 용화동 868,온양5동,표지판
946,1612,기산2통입구,충청남도 아산시 신창면 황산리 35-2,신창면,유개승강장+표지판
947,1613,포스코아파트정문,충청남도 아산시 음봉면 덕지리 438-1,음봉면,유개승강장
948,1614,덕지리,충청남도 아산시 음봉면 덕지리 366-7,음봉면,유개승강장
949,1615,휴대1리,충청남도 아산시 배방읍 휴대리 8-1,배방읍,유개승강장
950,1616,산동1리 종점,충청남도 아산시 음봉면 산동리 815-4,음봉면,표지판
951,1618,쌍용초등학교,충청남도 아산시 음봉면 쌍룡리 59-7,음봉면,시설없음
952,1619,문방삼거리,충청남도 아산시 인주면 문방리 97-6,인주면,유개승강장
953,1621,운용3리,충청남도 아산시 둔포면 운용리 199-10,둔포면,유개승강장
954,1622,운용3리,충청남도 아산시 둔포면 운용리 199-10,둔포면,시설없음
955,1623,신영모닝빌아파트,충청남도 아산시 둔포면 송용리 335-1,둔포면,유개승강장
956,1624,신영모닝빌아파트,충청남도 아산시 둔포면 송용리 335-1,둔포면,시설없음
957,1625,맹사성고택,충청남도 아산시 배방읍 신흥리 426,배방읍,표지판
958,1626,동정리,충청남도 아산시 염치읍 동정리 256-8,염치읍,유개승강장
959,1629,휴대리,충청남도 아산시 배방읍 휴대리 154-4,배방읍,시설없음
960,1632,호서대학교종점,충청남도 아산시 배방읍 세출리 225-3,배방읍,시설없음
961,1633,주은아파트,충청남도 아산시 풍기동 229-64,온양6동,유개승강장
962,1634,갈산2리 여술,충청남도 아산시 탕정면 갈산리 408-4,탕정면,시설없음
963,1637,수철리 명막골종점,충청남도 아산시 배방읍 수철리 54-3,배방읍,시설없음
964,1638,자이2차아파트,충청남도 아산시 배방읍 북수리 1446,배방읍,유개승강장+표지판
965,1639,자이2차아파트,충청남도 아산시 배방읍 북수리 898-2,배방읍,유개승강장
966,1640,중앙하이츠3차,충청남도 아산시 배방읍 북수리 361-11,배방읍,유개승강장
967,1641,중앙하이츠3차,충청남도 아산시 배방읍 북수리 361-11,배방읍,유개승강장
968,1642,배방롯데캐슬아파트,충청남도 아산시 배방읍 북수리 21-2,배방읍,유개승강장
969,1643,배방롯데캐슬아파트,충청남도 아산시 배방읍 북수리 21-3,배방읍,유개승강장
970,1644,자이1차아파트,충청남도 아산시 배방읍 북수리 1607,배방읍,유개승강장
971,1645,자이1차아파트,충청남도 아산시 배방읍 북수리 46-13,배방읍,유개승강장
972,1646,북수초등학교,충청남도 아산시 배방읍 북수리 301-15,배방읍,유개승강장+표지판
973,1647,북수초등학교,충청남도 아산시 배방읍 북수리 301-15,배방읍,유개승강장
974,1648,배방롯데캐슬아파트,충청남도 아산시 배방읍 세교리 994-95,배방읍,유개승강장
975,1649,배방롯데캐슬아파트,충청남도 아산시 배방읍 세교리 994-95,배방읍,유개승강장
976,1653,인주공단1,충청남도 아산시 인주면 걸매리 199-1,인주면,유개승강장+표지판
977,1656,실옥동 쪽지벌,충청남도 아산시 실옥동 345-117,온양4동,표지판
978,1657,실옥동 쪽지벌,충청남도 아산시 실옥동 345-117,온양4동,표지판
979,1658,중앙하이츠3차,충청남도 아산시 배방읍 북수리 362-11,배방읍,유개승강장
980,1659,청솔노인요양원,충청남도 아산시 배방읍 수철리 74-3,배방읍,표지판
981,1660,신양리 당우리,충청남도 아산시 둔포면 신양리 255-8,둔포면,표지판
982,1661,봉재리,충청남도 아산시 둔포면 봉재리 134-5,둔포면,유개승강장
983,1662,세진아파트,충청남도 아산시 풍기동 220-18,온양6동,유개승강장
984,1663,중앙하이츠3차,충청남도 아산시 배방읍 북수리 360-36,배방읍,유개승강장
985,1664,충남외국어고,충청남도 아산시 탕정면 명암리 859,탕정면,유개승강장
986,1665,충남외국어고,충청남도 아산시 탕정면 명암리 738-4,탕정면,유개승강장
987,1668,북수2리,충청남도 아산시 배방읍 북수리 1664,배방읍,유개승강장
988,1669,북수2리,충청남도 아산시 배방읍 북수리 1695,배방읍,유개승강장
989,1671,호서대학교,충청남도 아산시 배방읍 세출리 234-5,배방읍,표지판
990,1672,호서대학교,충청남도 아산시 배방읍 세출리 234-5,배방읍,표지판
991,1673,호서대학교종점,충청남도 아산시 배방읍 세출리 225-3,배방읍,유개승강장
992,1674,태산LCD,충청남도 아산시 음봉면 삼거리 233-7,음봉면,유개승강장
993,1675,음봉삼거리 입구,충청남도 아산시 음봉면 삼거리 233-7,음봉면,표지판
994,1676,산동리 뫼골,충청남도 아산시 음봉면 산동리 702-2,음봉면,시설없음
995,1677,산동리 뫼골,충청남도 아산시 음봉면 산동리 702-2,음봉면,표지판
996,1678,인주공단5,충청남도 아산시 인주면 걸매리 1039,인주면,유개승강장+표지판
997,1680,인주공단4,충청남도 아산시 인주면 걸매리 1004,인주면,유개승강장+표지판
998,1684,아산시청년센터배방점,충청남도 아산시 배방읍 북수리 365-45,배방읍,유개승강장
999,1685,아산시청년센터배방점,충청남도 아산시 배방읍 북수리 365-49,배방읍,유개승강장
1000,1686,삼정백조아파트,충청남도 아산시 배방읍 회룡리 산24,배방읍,유개승강장+표지판
1001,1687,신동1통 새뜸,충청남도 아산시 신동 315-1,온양3동,유개승강장+표지판
1002,1688,신동1통 마을회관,충청남도 아산시 신동 328-4,온양3동,유개승강장+표지판
1003,1689,봉농리 봉암,충청남도 아산시 도고면 금산리 237-1,도고면,표지판
1004,1690,순천향대학교 후문,충청남도 아산시 신창면 읍내리 457-3,신창면,표지판
1005,1691,순천향대학교 후문,충청남도 아산시 신창면 읍내리 457-3,신창면,유개승강장
1006,1692,역1리,충청남도 아산시 영인면 역리 83,영인면,표지판
1007,1694,연화마을7단지,충청남도 아산시 배방읍 장재리 1537 605동 앞,배방읍,유개승강장
1008,1695,용연마을,충청남도 아산시 배방읍 장재리 1955,배방읍,스마트승강장
1009,1696,용연마을,충청남도 아산시 배방읍 장재리 1955,배방읍,유개승강장
1010,1697,행목2리 마을회관,충청남도 아산시 신창면 행목리 134-8,신창면,표지판
1011,1699,기산동 두진매,충청남도 아산시 기산동 22-4,온양5동,유개승강장
1012,1700,방축동 두진매,충청남도 아산시 기산동 102-3,온양5동,시설없음
1013,1701,신봉3리 흔티,충청남도 아산시 영인면 신봉리 94-1,영인면,유개승강장
1014,1702,금성리 마을회관,충청남도 아산시 인주면 금성리 183-2,인주면,유개승강장
1015,1703,현대아이파크아파트,충청남도 아산시 풍기동 263-8,온양6동,유개승강장
1016,1707,아산축협온천지점,충청남도 아산시 온천동 89-4,온양1동,유개승강장
1017,1709,친오애아파트,충청남도 아산시 신창면 행목리 226-19,신창면,유개승강장
1018,1710,친오애아파트,충청남도 아산시 신창면 행목리 226-19,신창면,유개승강장
1019,1711,신동1통 마을회관,충청남도 아산시 신동 328-4,온양3동,시설없음
1020,1712,신동1통 새뜸,충청남도 아산시 신동 315-1,온양3동,시설없음
1021,1713,명암2리 장목이,충청남도 아산시 탕정면 명암리 1358,탕정면,유개승강장
1022,1714,갈산2리 여술,충청남도 아산시 탕정면 갈산리 408-4,탕정면,유개승강장
1023,1721,쌍죽리 종점,충청남도 아산시 염치읍 쌍죽리 32-19,염치읍,시설없음
1024,1722,대음리,충청남도 아산시 인주면 대음리 34-2,인주면,표지판
1025,1735,배방역,충청남도 아산시 배방읍 구령리 160-9,배방읍,유개승강장
1026,1736,삼영프라자 공수5리,충청남도 아산시 배방읍 공수리 1568,배방읍,유개승강장
1027,1739,회룡1리,충청남도 아산시 배방읍 회룡리 324-1,배방읍,유개승강장
1028,1742,회룡1리,충청남도 아산시 배방읍 회룡리 324-1,배방읍,시설없음
1029,1940,냉정리 북흥골,충청남도 아산시 인주면 냉정리 231-7,인주면,유개승강장
1030,1941,냉정리 복흥골,충청남도 아산시 인주면 냉정리 231-7,인주면,표지판
1031,1942,신창역,충청남도 아산시 신창면 행목리 346-60,신창면,유개승강장+표지판
1032,1943,신창역,충청남도 아산시 신창면 행목리 346-60,신창면,유개승강장
1033,1944,용두2리,충청남도 아산시 탕정면 용두리 420-5,탕정면,유개승강장
1034,1945,용두2리,충청남도 아산시 탕정면 용두리 418-1,탕정면,유개승강장
1035,1946,신도브래뉴,충청남도 아산시 풍기동 229-116,온양6동,유개승강장+표지판
1036,1947,이순신종합운동장,충청남도 아산시 풍기동 309-3,온양6동,유개승강장
1037,1948,석정1리,충청남도 아산시 염치읍 석정리 217-1,염치읍,표지판
1038,1949,행목2리입구,충청남도 아산시 신창면 창암리 99-1,신창면,표지판
1039,1950,초사리 갱티입구,충청남도 아산시 초사동 15-2,온양5동,표지판
1040,1951,아산온천,충청남도 아산시 음봉면 신수리 472,음봉면,표지판
1041,1952,아산온천,충청남도 아산시 음봉면 신수리 472,음봉면,유개승강장
1042,1956,트라팰리스 지중해마을,충청남도 아산시 탕정면 명암리 957,탕정면,유개승강장
1043,1957,탕정면사무소 지중해마을,충청남도 아산시 탕정면 명암리 928-2,탕정면,스마트승강장
1044,1960,경성아파트,충청남도 아산시 방축동 132-19,온양4동,표지판
1045,1961,경성아파트,충청남도 아산시 방축동 131-104,온양4동,유개승강장
1046,1962,삼성디스플레이,충청남도 아산시 탕정면 명암리 1319,탕정면,표지판
1047,1963,농협중앙지점,충청남도 아산시 배방읍 공수리 1670,배방읍,유개승강장
1048,1973,충무아파트,충청남도 아산시 권곡동 443-178,온양3동,유개승강장
1049,1975,냉정리 잔다리,충청남도 아산시 인주면 냉정리 356-1,인주면,유개승강장+표지판
1050,1976,냉정리 잔다리,충청남도 아산시 인주면 냉정리 356-1,인주면,표지판
1051,1977,인취사신창읍농공단지,충청남도 아산시 신창면 읍내리 160-5,신창면,유개승강장
1052,1978,신창농공단지인취사,충청남도 아산시 신창면 읍내리 63-1,신창면,표지판
1053,1979,영인중학교,충청남도 아산시 영인면 아산리 133-3,영인면,유개승강장
1054,1981,설화고등학교,충청남도 아산시 배방읍 장재리 1440,배방읍,유개승강장
1055,1982,설화고등학교,충청남도 아산시 배방읍 장재리 1440,배방읍,유개승강장
1056,1983,권곡주공아파트,충청남도 아산시 권곡동 392-10,온양3동,유개승강장
1057,1986,대동리입구,충청남도 아산시 염치읍 대동리 166-1,염치읍,표지판
1058,1987,온양여중고,충청남도 아산시 모종동 590-1,온양3동,표지판
1059,1989,기산1통 성미말,충청남도 아산시 초사동 67,온양5동,유개승강장+표지판
1060,1990,청솔노인요양원,충청남도 아산시 배방읍 수철리 82-20,배방읍,표지판
1061,1991,오암2리구암말,충청남도 아산시 도고면 오암리 314-20,도고면,유개승강장+표지판
1062,1992,신창초등학교,충청남도 아산시 신창면 읍내리 245-2,신창면,표지판
1063,1993,소동3리마을회관,충청남도 아산시 음봉면 소동리 117-2,음봉면,시설없음
1064,1994,소동3리마을회관,충청남도 아산시 음봉면 소동리 117-2,음봉면,시설없음
1065,1995,연화마을8단지,충청남도 아산시 배방읍 장재리 1539 801동 앞,배방읍,유개승강장
1066,1996,월랑1리,충청남도 아산시 음봉면 월랑리 293-2,음봉면,표지판
1067,1997,월랑1리,충청남도 아산시 음봉면 월랑리 293-2,음봉면,표지판
1068,1998,쌍용보건지소,충청남도 아산시 음봉면 쌍룡리 133-6,음봉면,유개승강장+표지판
1069,2000,다소미아파트,충청남도 아산시 신창면 남성리 87-1,신창면,표지판
1070,2001,다소미아파트,충청남도 아산시 신창면 남성리 87-1,신창면,유개승강장+표지판
1071,2003,신현리 마을회관,충청남도 아산시 영인면 신현리 73-2,영인면,유개승강장
1072,2004,상성리 마을회관,충청남도 아산시 영인면 상성리 200-4,영인면,유개승강장
1073,2005,상성리 공단앞,충청남도 아산시 영인면 상성리 333,영인면,시설없음
1074,2006,상성리 공단앞,충청남도 아산시 영인면 상성리 333,영인면,유개승강장
1075,2007,상성리 마을회관,충청남도 아산시 영인면 상성리 200-4,영인면,시설없음
1076,2008,매곡3리,충청남도 아산시 탕정면 매곡리 144-3,탕정면,표지판
1077,2009,매곡3리,충청남도 아산시 탕정면 매곡리 144-3,탕정면,표지판
1078,2010,득산동입구,충청남도 아산시 득산동 23-11,온양4동,표지판
1079,2012,탕정지구,충청남도 아산시 탕정면 선문로 136,탕정면,유개승강장
1080,2014,개화네마을,충청남도 아산시 초사동 578,온양5동,유개승강장
1081,2022,천안아산역,충청남도 아산시 배방읍 장재리 364-4,배방읍,유개승강장+표지판
1082,2023,인주공단입구,충청남도 아산시 인주면 걸매리 180-11,인주면,표지판
1083,2024,소동3리 발산,충청남도 아산시 음봉면 소동리 51,음봉면,표지판
1084,2025,소동3리 발산,충청남도 아산시 음봉면 소동리 51,음봉면,시설없음
1085,2027,음봉농협 산동지점,충청남도 아산시 음봉면 덕지리 171-1,음봉면,유개승강장+표지판
1086,2028,코닝정밀소재1단지,충청남도 아산시 탕정면 명암리 530-2,탕정면,표지판
1087,2029,코닝정밀소재1단지,충청남도 아산시 탕정면 명암리 530-2,탕정면,표지판
1088,2030,백암교회입구,충청남도 아산시 염치읍 백암리 190-2,염치읍,표지판
1089,2031,백암교회입구,충청남도 아산시 염치읍 백암리 190-2,염치읍,시설없음
1090,2032,구성1리 구산,충청남도 아산시 영인면 구성리 67-3,영인면,표지판
1091,2033,구성1리 구산,충청남도 아산시 영인면 구성리 67-3,영인면,유개승강장+표지판
1092,2034,강장2리지레,충청남도 아산시 송악면 강장리 572-6,송악면,유개승강장+표지판
1093,2035,강장2리 지레,충청남도 아산시 송악면 강장리 572-6,송악면,시설없음
1094,2036,관대리 관터,충청남도 아산시 둔포면 관대리 127-8,둔포면,유개승강장
1095,2038,코닝정밀소재2단지,충청남도 아산시 탕정면 명암리 1247-1,탕정면,표지판
1096,2039,유곡1리지풍골,충청남도 아산시 송악면 유곡리 454-2,송악면,유개승강장+표지판
1097,2040,유곡1리지풍골,충청남도 아산시 송악면 유곡리 454-2,송악면,시설없음
1098,2041,수철리 안세일입구,충청남도 아산시 배방읍 수철리 448-3,배방읍,표지판
1099,2042,수철리 안세일입구,충청남도 아산시 배방읍 수철리 448-3,배방읍,시설없음
1100,2043,세교2리 산직말,충청남도 아산시 배방읍 세교리 47-1,배방읍,표지판
1101,2044,삼도공조,충청남도 아산시 음봉면 산정리 244-3,음봉면,표지판
1102,2045,세교2리 산직말,충청남도 아산시 배방읍 세교리 47-1,배방읍,시설없음
1103,2048,호수공원,충청남도 아산시 배방읍 장재리 2006,배방읍,유개승강장
1104,2049,패션1광장,충청남도 아산시 배방읍 장재리 2012,배방읍,유개승강장
1105,2050,패션1광장,충청남도 아산시 배방읍 장재리 2012,배방읍,유개승강장
1106,2054,한국표준협회,충청남도 아산시 배방읍 장재리 1780,배방읍,유개승강장
1107,2056,장재마을,충청남도 아산시 배방읍 장재리 1901,배방읍,유개승강장
1108,2070,북수리 마대,충청남도 아산시 배방읍 북수리 116-2,배방읍,표지판
1109,2071,북수리 마대,충청남도 아산시 배방읍 북수리 116-2,배방읍,유개승강장
1110,2072,세교2리 속샘말,충청남도 아산시 배방읍 세교리 307-2,배방읍,표지판
1111,2073,세교2리 속샘말,충청남도 아산시 배방읍 세교리 307-2,배방읍,시설없음
1112,2074,월랑1리 신성,충청남도 아산시 음봉면 월랑리 18-2,음봉면,표지판
1113,2075,월랑1리 신성,충청남도 아산시 음봉면 월랑리 18-2,음봉면,시설없음
1114,2080,아산리 절골,충청남도 아산시 음봉면 신수리 285-1,음봉면,표지판
1115,2086,문방3리마을회관,충청남도 아산시 인주면 문방리 297-4,인주면,유개승강장
1116,2087,온양4동 주민센터,충청남도 아산시 배미동 37-3,온양4동,유개승강장
1117,2088,온양4동 주민센터,충청남도 아산시 배미동 37-3,온양4동,유개승강장
1118,2089,서원1리 마을회관,충청남도 아산시 염치읍 서원리 221-1,염치읍,시설없음
1119,2091,서원1리 마을회관,충청남도 아산시 염치읍 서원리 221-1,염치읍,표지판
1120,2093,신인2통 방죽안,충청남도 아산시 신인동 438-2,온양5동,표지판
1121,2096,엘크루아파트,충청남도 아산시 신인동 345-3,온양5동,유개승강장
1122,2097,석당리철장모랭이,충청남도 아산시 도고면 석당리 442-4,도고면,표지판
1123,2098,농은리마을회관,충청남도 아산시 도고면 농은리 214-2,도고면,유개승강장
1124,2099,서원1리 서원골,충청남도 아산시 염치읍 서원리 143-1,염치읍,표지판
1125,2102,풍기3통,충청남도 아산시 풍기동 183-6,온양6동,표지판
1126,2103,수장리 안골말,충청남도 아산시 신창면 수장리 13-17,신창면,유개승강장
1127,2104,영인농공단지,충청남도 아산시 영인면 신운리 140-4,영인면,표지판
1128,2105,영인농공단지,충청남도 아산시 영인면 신운리 140-4,영인면,시설없음
1129,2106,창암1리 고갯마루,충청남도 아산시 신창면 읍내리 614-1,신창면,표지판
1130,2107,경남아너스빌,충청남도 아산시 온천동1889,온양1동,유개승강장
1131,2108,서원1리 서원골,충청남도 아산시 염치읍 서원리 143-1,염치읍,시설없음
1132,2109,현대자동차문화관,충청남도 아산시 인주면 대음리 197-5,인주면,유개승강장+표지판
1133,2110,현대자동차문화관,충청남도 아산시 인주면 대음리 197-5,인주면,표지판
1134,2111,득산2통 마을입구,충청남도 아산시 득산동 51-1,온양4동,유개승강장
1135,2112,득산2통 마을입구,충청남도 아산시 득산동 51-1,온양4동,시설없음
1136,2114,인주공단2,충청남도 아산시 인주면 걸매리 1021,인주면,유개승강장+표지판
1137,2115,평촌3리월구리,충청남도 아산시 송악면 외암리 484-13,송악면,시설없음
1138,2116,평촌3리마을회관,충청남도 아산시 송악면 외암리 595-5,송악면,시설없음
1139,2117,동정리 낚시터,충청남도 아산시 염치읍 동정리 산50-2,염치읍,표지판
1140,2118,동정리 낚시터,충청남도 아산시 염치읍 동정리 산50-2,염치읍,시설없음
1141,2119,동정리아랫독징이,충청남도 아산시 염치읍 동정리 305-4,염치읍,표지판
1142,2120,동정리아랫독징이,충청남도 아산시 염치읍 동정리 305-4,염치읍,시설없음
1143,2121,궁화2리 비성골,충청남도 아산시 신창면 궁화리 166-3,신창면,표지판
1144,2121,장재마을11단지,충청남도 아산시 배방읍 장재리 1901,배방읍,유개승강장
1145,2124,명암2리장목이,충청남도 아산시 탕정면 명암리 1342,탕정면,시설없음
1146,2125,명암2리장목이,충청남도 아산시 탕정면 명암리 1342,탕정면,시설없음
1147,2126,유곡리,충청남도 아산시 송악면 유곡리 231,송악면,표지판
1148,2127,한성아파트,충청남도 아산시 모종동 337-2,온양3동,표지판
1149,2128,한성아파트,충청남도 아산시 모종동 337-2,온양3동,표지판
1150,2130,신휴3리,충청남도 아산시 음봉면 신휴리 221-23,음봉면,표지판
1151,2133,배방장례식장,충청남도 아산시 배방읍 구령리 55-50,배방읍,표지판
1152,2134,배방장례식장,충청남도 아산시 배방읍 구령리 55-50,배방읍,표지판
1153,2137,평촌1리입구,충청남도 아산시 송악면 평촌리 483-49,송악면,시설없음
1154,2140,강장2리 아랫마을,충청남도 아산시 송악면 강장리 589-1,송악면,시설없음
1155,2142,세교2리 샛돌,충청남도 아산시 배방읍 세교리 229-6,배방읍,표지판
1156,2143,소화마을아파트,충청남도 아산시 신창면 남성리 184,신창면,유개승강장+표지판
1157,2145,신양리 성황당,충청남도 아산시 둔포면 신양리 377-19,둔포면,유개승강장
1158,2146,신양리 성황당,충청남도 아산시 둔포면 신양리 377-19,둔포면,유개승강장
1159,2147,새터마을,충청남도 아산시 음봉면 산동리 714-4,음봉면,표지판
1160,2148,새터마을,충청남도 아산시 음봉면 산동리 714-4,음봉면,표지판
1161,2151,독자기,충청남도 아산시 배방읍 공수리 46-21,배방읍,표지판
1162,2153,인주공단3,충청남도 아산시 인주면 걸매리 1011-1,인주면,유개승강장+표지판
1163,2154,좌부삼거리,충청남도 아산시 좌부동 250-1,온양6동,유개승강장
1164,2155,좌부삼거리,충청남도 아산시 좌부동 250-1,온양6동,표지판
1165,2156,도리못,충청남도 아산시 배방읍 구령리 2-82,배방읍,표지판
1166,2157,도리못,충청남도 아산시 배방읍 구령리 2-82,배방읍,표지판
1167,2158,운용1리 입구,충청남도 아산시 둔포면 운용리 166-1,둔포면,표지판
1168,2159,온양농협,충청남도 아산시 방축동 189-2,온양4동,표지판
1169,2160,마라위,충청남도 아산시 영인면 윤보선로 184,영인면,표지판
1170,2161,마라위,충청남도 아산시 영인면 윤보선로 184,영인면,표지판
1171,2164,디스플레이제1캠퍼스,충청남도 아산시 탕정면 명암리 산15-3,탕정면,표지판
1172,2165,디스플레이제1캠퍼스,충청남도 아산시 탕정면 명암리 산15-3,탕정면,유개승강장
1173,2168,송용1리 마을회관,충청남도 아산시 둔포면 송용리 149-1,둔포면,시설없음
1174,2169,대동리삼거리,충청남도 아산시 염치읍 대동리 60-18,염치읍,표지판
1175,2170,대동리삼거리,충청남도 아산시 염치읍 대동리 60-18,염치읍,유개승강장
1176,2174,미소래산후조리원,충청남도 아산시 음봉면 덕지리 65-6,음봉면,유개승강장
1177,2175,용화근린공원,충청남도 아산시 용화동 99-3,온양5동,표지판
1178,2176,냉정골,충청남도 아산시 둔포면 신남리 743-28,둔포면,표지판
1179,2177,쌍죽리입구,충청남도 아산시 염치읍 염성리 214-9,염치읍,표지판
1180,2179,신한아파트,충청남도 아산시 배방읍 세교리 425-3,배방읍,유개승강장
1181,2187,현대자동차정문앞,충청남도 아산시 인주면 금성리 118-3,인주면,표지판
1182,2190,배방읍사무소,충청남도 아산시 배방읍 공수리 1546,배방읍,유개승강장
1183,2191,배방읍사무소,충청남도 아산시 배방읍 공수리 1672,배방읍,유개승강장
1184,2192,삼성기숙사,충청남도 아산시 음봉면 동암리 727,음봉면,표지판
1185,2193,삼성기숙사,충청남도 아산시 음봉면 동암리 727,음봉면,표지판
1186,2195,성정빌라,충청남도 아산시 염치읍 송곡리 115-24,염치읍,유개승강장
1187,2196,성정빌라,충청남도 아산시 염치읍 송곡리 115-24,염치읍,표지판
1188,2197,현대엠시트,충청남도 아산시 신창면 가내리 산12-4,신창면,시설없음
1189,2198,현대엠시트,충청남도 아산시 신창면 가내리 산13-1,신창면,표지판
1190,2202,배방고등학교,충청남도 아산시 배방읍 북수리 719-5,배방읍,유개승강장
1191,2203,여술삼거리,충청남도 아산시 탕정면 갈산리 332-1,탕정면,표지판
1192,2204,여술삼거리,충청남도 아산시 탕정면 갈산리 332-1,탕정면,표지판
1193,2205,신수1리,충청남도 아산시 음봉면 신수리 445-6,음봉면,유개승강장
1194,2207,옹기전시체험관,충청남도 아산시 도고면 신언리 71-21,도고면,유개승강장
1195,2210,비석거리,충청남도 아산시 도고면 석당리 508,도고면,표지판
1196,2211,비석거리,충청남도 아산시 도고면 석당리 508,도고면,표지판
1197,2216,와이시티,충청남도 아산시 배방읍 장재리 1754,배방읍,유개승강장
1198,2217,패션2광장,충청남도 아산시 배방읍 장재리 1763,배방읍,유개승강장
1199,2218,아산역,충청남도 아산시 배방읍 장재리 2003,배방읍,유개승강장
1200,2219,아산역,충청남도 아산시 배방읍 장재리 2003,배방읍,유개승강장
1201,2220,패션2광장,충청남도 아산시 배방읍 장재리 1765,배방읍,유개승강장
1202,2221,와이시티,충청남도 아산시 배방읍 장재리 1754,배방읍,유개승강장
1203,2223,성내리사거리,충청남도 아산시 영인면 성내리 333-2,영인면,표지판
1204,2224,앙강마을 이순신고등학교,충청남도 아산시 배방읍 장재리 2114,배방읍,유개승강장
1205,2225,도흥1리회관,충청남도 아산시 인주면 도흥리 58-2,인주면,유개승강장
1206,2226,도고농공단지,충청남도 아산시 도고면 신언리 56-22,도고면,유개승강장+표지판
1207,2227,학성교회,충청남도 아산시 선장면 죽산리 320,선장면,시설없음
1208,2232,강장2리 아랫말,충청남도 아산시 송악면 강장리 589-1,송악면,유개승강장
1209,2233,둔포체육공원,충청남도 아산시 둔포면 송용리 109-4,둔포면,표지판
1210,2234,둔포체육공원,충청남도 아산시 둔포면 시포리 5-33,둔포면,표지판
1211,2239,궁평1리오룡동,충청남도 아산시 선장면 궁평리 52-17,선장면,유개승강장+표지판
1212,2240,선창2리,충청남도 아산시 선장면 선창리 21-20,선장면,표지판
1213,2242,오암1리회관,충청남도 아산시 도고면 오암리 177-1,도고면,표지판
1214,2245,유리요양병원,충청남도 아산시 도고면 기곡리 158-8,도고면,유개승강장+표지판
1215,2246,유리요양병원,충청남도 아산시 도고면 기곡리 158-8,도고면,유개승강장
1216,2247,상성리 원모루,충청남도 아산시 영인면 상성리 245-6,영인면,표지판
1217,2248,상성리 원모루,충청남도 아산시 영인면 상성리 245-6,영인면,표지판
1218,2251,오미니고개,충청남도 아산시 송악면 마곡리 172-17,송악면,유개승강장
1219,2253,코닝정밀소재,충청남도 아산시 탕정면 명암리 1327,탕정면,유개승강장
1220,2254,코닝정밀소재,충청남도 아산시 탕정면 명암리 1327,탕정면,유개승강장
1221,10001,LH아산사업본부,충청남도 아산시 배방읍 장재리 1996,배방읍,유개승강장
1222,10002,LH아산사업본부,충청남도 아산시 배방읍 장재리 1996,배방읍,유개승강장
1223,10003,설화중학교,충청남도 아산시 배방읍 장재리 1568,배방읍,표지판
1224,10004,설화중학교,충청남도 아산시 배방읍 장재리 1435,배방읍,표지판
1225,10005,아산신도시입구,충청남도 아산시 배방읍 장재리 1542,배방읍,유개승강장
1226,10006,한들물빛 시티프라디움,충청남도 아산시 배방읍 장재리 2108,배방읍,유개승강장
1227,10007,지웰시티 3단지,충청남도 아산시 배방읍 장재리 2108,배방읍,유개승강장
1228,10008,배방stx칸 아파트,충청남도 아산시 배방읍 장재리 1534,배방읍,유개승강장
1229,10009,탕정역건너,충청남도 아산시 탕정면 매곡리 244-1,탕정면,유개승강장
1230,10010,특수교육원,충청남도 아산시 배방읍 장재리 1739,배방읍,유개승강장+표지판
1231,10011,열병합발전소,충청남도 아산시 배방읍 장재리 1194,배방읍,유개승강장
1232,10014,한글공원,충청남도 아산시 배방읍 장재리 1967,배방읍,유개승강장
1233,10015,한글공원,충청남도 아산시 배방읍 장재리 1967,배방읍,유개승강장
1234,10018,용연공원,충청남도 아산시 배방읍 장재리 1967,배방읍,유개승강장
1235,10020,동방초등학교 앞,충청남도 아산시 배방읍 휴대리 160-3,배방읍,표지판
1236,10021,한성아파트,충청남도 아산시 배방읍 휴대리 27-1,배방읍,유개승강장
1237,10030,온양중,충청남도 아산시 용화동 945,온양5동,시설없음
1238,10031,주은아파트,충청남도 아산시 풍기동 229-64,온양6동,유개승강장
1239,10032,온양2동,충청남도 아산시 온천동 209-9,온양2동,시설없음
1240,10033,굴다리,충청남도 아산시 온천동 292-2,온양2동,유개승강장
1241,10034,맹사성고택,충청남도 아산시 배방읍 신흥리 426,배방읍,유개승강장
1242,10035,일성아파트,충청남도 아산시 온천동 1204,온양1동,유개승강장+표지판
1243,10036,청소년교육문화센터,충청남도 아산시 온천동 1182,온양3동,표지판
1244,10037,신정중학교,충청남도 아산시 실옥동 217-10,온양4동,시설없음
1245,10038,신정중학교,충청남도 아산시 실옥동 217-15,온양4동,표지판
1246,10039,동아아파트,충청남도 아산시 방축동 140,온양4동,유개승강장
1247,10040,동아아파트,충청남도 아산시 방축동 140,온양4동,유개승강장+표지판
1248,10041,용화택지1,충청남도 아산시 용화동 1639,온양5동,시설없음
1249,10042,용화택지1,충청남도 아산시 용화동 1639,온양5동,시설없음
1250,10043,신도브래뉴아파트,충청남도 아산시 용화동 11-33,온양5동,유개승강장
1251,10044,신1통새뜸,충청남도 아산시 신동 311-8,온양3동,시설없음
1252,10045,신2통 입구,충청남도 아산시 모종동 462-74,온양3동,시설없음
1253,10046,가덕1리,충청남도 아산시 신창면 가덕리 161-2,신창면,시설없음
1254,10047,신창코아루,충청남도 아산시 신창면 남성리 192-6,신창면,시설없음
1255,10051,대흥삼거리,충청남도 아산시 선장면 채신언리 171,선장면,시설없음
1256,10052,기곡2리,충청남도 아산시 도고면 기곡리 313-17,도고면,유개승강장
1257,10053,시전4리 가향리 건너,충청남도 아산시 도고면 시전리 322-16,도고면,유개승강장
1258,10054,시전4리 가향리,충청남도 아산시 도고면 온천대로 371-1,도고면,표지판
1259,10055,시전삼거리,충청남도 아산시 도고면 시전리 581-39,도고면,표지판
1260,10056,시전삼거리,충청남도 아산시 도고면 시전리 71-11,도고면,표지판
1261,10057,신통교앞,충청남도 아산시 도고면 향산리 225-10,도고면,표지판
1262,10059,행목2리,충청남도 아산시 신창면 행목리 65-1,신창면,유개승강장
1263,10060,양우내안애아파트,충청남도 아산시 신창면 행목리 238-15,신창면,유개승강장
1264,10061,신창샘마을아파트,충청남도 아산시 신창면 남성리 177-16,신창면,시설없음
1265,10062,신언1리 된벌,충청남도 아산시 도고면 신언리 525,도고면,표지판
1266,10063,가산2리 동안말,충청남도 아산시 선장면 가산리 895-1,선장면,시설없음
1267,10064,신언4리,충청남도 아산시 도고면 신언리 316-16,도고면,유개승강장
1268,10065,신통1리 마을회관,충청남도 아산시 도고면 신통리 220-2,도고면,시설없음
1269,10066,신통2리 마을회관,충청남도 아산시 도고면 신통리 11-3,도고면,표지판
1270,10067,연봉정,충청남도 아산시 도고면 효자리 182-7,도고면,유개승강장
1271,10068,효자리 연봉정,충청남도 아산시 도고면 효자리 182-7,도고면,유개승강장+표지판
1272,10069,덕원프라자,충청남도 아산시 도고면 금산리 207-19,도고면,유개승강장
1273,10070,창암1리,충청남도 아산시 신창면 창암리 329-9,신창면,표지판
1274,10071,황산2리회관,충청남도 아산시 신창면 황산리 342-18,신창면,시설없음
1275,10072,황산리 모산,충청남도 아산시 신창면 황산리 5-23,신창면,표지판
1276,10073,초사1통회차지,충청남도 아산시 초사동 643,온양5동,유개승강장
1277,10074,방축5통 새말,충청남도 아산시 방축동 553,온양4동,유개승강장
1278,10075,평촌2리 입구,충청남도 아산시 송악면 평촌리 148,송악면,시설없음
1279,10076,오미니고개,충청남도 아산시 송악면 마곡리 172-17,송악면,유개승강장
1280,10077,유곡2리,충청남도 아산시 송악면 유곡리 231,송악면,시설없음
1281,10078,유곡교회,충청남도 아산시 송악면 유곡리 254-1,송악면,시설없음
1282,10085,평촌3리월구리,충청남도 아산시 송악면 외암리 484-13,송악면,시설없음
1283,10086,득산2동,충청남도 아산시 득산동 104-1,온양4동,유개승강장
1284,10087,안골,충청남도 아산시 영인면 성내리 488-2,영인면,시설없음
1285,10088,신봉1리 입구,충청남도 아산시 영인면 신봉리 1281,영인면,유개승강장
1286,10089,와우리대추머리,충청남도 아산시 영인면 백석포리 104-17,영인면,유개승강장
1287,10090,아산흰돌유치원,충청남도 아산시 영인면 백석포리 292-3,영인면,유개승강장
1288,10091,백석포삼거리,충청남도 아산시 영인면 백석포리 458-3,영인면,유개승강장
1289,10092,신운3리,충청남도 아산시 영인면 신운리 486-2,영인면,유개승강장
1290,10093,신운리게이트볼장,충청남도 아산시 영인면 신운리 414-2,영인면,유개승강장
1291,10094,백석포,충청남도 아산시 영인면 백석포리 458-3,영인면,유개승강장
1292,10095,와우리마을회관,충청남도 아산시 영인면 와우리 138-9,영인면,표지판
1293,10096,성내1리 입구,충청남도 아산시 영인면 성내리 448-4,영인면,표지판
1294,10097,성내2리 안골입구,충청남도 아산시 영인면 성내리 583-19,영인면,표지판
1295,10098,상성리 불무실,충청남도 아산시 영인면 상성리 52-2,영인면,표지판
1296,10099,상성리 옥거리,충청남도 아산시 영인면 상성리 34-1,영인면,표지판
1297,10100,신현리 은낙골,충청남도 아산시 영인면 신현리 163-1,영인면,표지판
1298,10101,신현리 안말,충청남도 아산시 영인면 신현리 188-1,영인면,표지판
1299,10102,송용2리,충청남도 아산시 둔포면 관대리 109-16,둔포면,유개승강장
1300,10103,제2공원,충청남도 아산시 둔포면 석곡리 1841,둔포면,유개승강장
1301,10104,제2공원,충청남도 아산시 둔포면 석곡리 1841,둔포면,유개승강장
1302,10105,이지더원9단지정문,충청남도 아산시 둔포면 아산밸리남로 37 ,둔포면,표지판
1303,10106,석곡2리 돌다리,충청남도 아산시 둔포면 석곡리 1832,둔포면,표지판
1304,10107,이지더원아파트,충청남도 아산시 둔포면 석곡리 1689,둔포면,표지판
1305,10108,서진캠,충청남도 아산시 둔포면 석곡리 1375,둔포면,유개승강장+표지판
1306,10109,중앙공원,충청남도 아산시 둔포면 석곡리 1482,둔포면,표지판
1307,10110,중앙공원,충청남도 아산시 둔포면 석곡리 1506,둔포면,표지판
1308,10111,태성기연,충청남도 아산시 둔포면 석곡리 1546,둔포면,표지판
1309,10112,한화,충청남도 아산시 둔포면 석곡리 1511,둔포면,표지판
1310,10113,공원,충청남도 아산시 둔포면 석곡리 1480,둔포면,표지판
1311,10114,동보,충청남도 아산시 둔포면 석곡리 1350,둔포면,표지판
1312,10115,능안말,충청남도 아산시 둔포면 석곡리 1307,둔포면,표지판
1313,10116,이녹스,충청남도 아산시 둔포면 석곡리 1353,둔포면,표지판
1314,10117,명화,충청남도 아산시 둔포면 석곡리 1484,둔포면,표지판
1315,10118,한화테크엠,충청남도 아산시 둔포면 석곡리 1537,둔포면,표지판
1316,10119,한성티앤아이,충청남도 아산시 둔포면 석곡리 1557,둔포면,표지판
1317,10120,n마트,충청남도 아산시 둔포면 석곡리 1843,둔포면,유개승강장
1318,10121,이지더원9단지 입구,충청남도 아산시 둔포면 아산밸리남로 37,둔포면,표지판
1319,10122,신양1리 마을입구,충청남도 아산시 둔포면 신양리 242-14,둔포면,표지판
1320,10123,봉재3리,충청남도 아산시 둔포면 관대리 197-30,둔포면,시설없음
1321,10124,퍼스트빌리지,충청남도 아산시 둔포면 신항리 30-10,둔포면,시설없음
1322,10125,퍼스트빌리지,충청남도 아산시 둔포면 신항리 57-38,둔포면,시설없음
1323,10126,봉재리,충청남도 아산시 둔포면 봉재리 208-1,둔포면,시설없음
1324,10127,소동2리,충청남도 아산시 음봉면 소동리 359-8,음봉면,시설없음
1325,10128,신휴1리,충청남도 아산시 음봉면 신휴리 99-6,음봉면,표지판
1326,10129,의식리,충청남도 아산시 음봉면 의식리 40-6,음봉면,유개승강장
1327,10130,신휴1리,충청남도 아산시 음봉면 신휴리 99-6,음봉면,유개승강장
1328,10131,신휴리저수지,충청남도 아산시 음봉면 신휴리 55-33,음봉면,시설없음
1329,10132,신휴3리구부엉골,충청남도 아산시 음봉면 신휴리 225-7,음봉면,유개승강장
1330,10133,신휴3리구부엉골,충청남도 아산시 음봉면 신휴리 225-7,음봉면,시설없음
1331,10134,염작초등학교,충청남도 아산시 둔포면 석곡리 1539,둔포면,표지판
1332,10135,쌍용1리,충청남도 아산시 음봉면 쌍룡리 198-2,음봉면,시설없음
1333,10136,신수리1구,충청남도 아산시 음봉면 신수리 445-6,음봉면,시설없음
1334,10138,아산온천,충청남도 아산시 음봉면 신수리 472,음봉면,유개승강장
1335,10139,인주산업단지,충청남도 아산시 인주면 걸매리 1068,인주면,시설없음
1336,10140,인주산업단지,충청남도 아산시 인주면 걸매리 1063,인주면,표지판
1337,10141,현대오일뱅크앞,충청남도 아산시 인주면 걸매리 183-32,인주면,시설없음
1338,10142,서원1리 서원골,충청남도 아산시 염치읍 서원리 289-77,염치읍,표지판
1339,10143,서원1리,충청남도 아산시 염치읍 서원리 143,염치읍,유개승강장
1340,10144,석정1리(돌모루),충청남도 아산시 염치읍 석정리 217-1,염치읍,표지판
1341,10145,석두1리 서릿말,충청남도 아산시 염치읍 석두리 298,염치읍,표지판
1342,10146,쌍죽리,충청남도 아산시 염치읍 쌍죽리 51-4,염치읍,시설없음
1343,10147,쌍죽리입구,충청남도 아산시 염치읍 염성리 214-9,염치읍,시설없음
1344,10148,용두3리(종점),충청남도 아산시 탕정면 용두리 115,탕정면,표지판
1345,10150,명암3리,충청남도 아산시 탕정면 동산리 609,탕정면,시설없음
1346,10151,대동리입구,충청남도 아산시 염치읍 대동리 166-1,염치읍,시설없음
1347,10152,백암2리,충청남도 아산시 염치읍 백암리 226-2,염치읍,표지판
1348,10154,송곡1리,충청남도 아산시 염치읍 송곡리 190-12,염치읍,유개승강장
1349,10155,문방1리 세밑마루,충청남도 아산시 인주면 문방리 574-10,인주면,유개승강장
1350,10156,탕정우체국,충청남도 아산시 탕정면 용두리 623-4,탕정면,유개승강장+표지판
1351,10157,홍익아파트,충청남도 아산시 탕정면 호산리 495-2,탕정면,표지판
1352,10158,초사2리 사래,충청남도 아산시 초사동 245,온양5동,유개승강장
1353,10159,휴대리배방농협,충청남도 아산시 배방읍 휴대리 154-4,배방읍,유개승강장
1354,10160,화천리 대천,충청남도 아산시 도고면 화천리 172-1,도고면,표지판
1355,10161,화천1리회관,충청남도 아산시 도고면 화천리 474-6,도고면,표지판
1356,10162,화천1리,충청남도 아산시 도고면 화천리 385-2,도고면,유개승강장
1357,10163,경찰인재개발원,충청남도 아산시 초사동 712-14,온양5동,유개승강장+표지판
1358,10164,백암리,충청남도 아산시 염치읍 백암리 16-12,염치읍,유개승강장
1359,10165,금산리,충청남도 아산시 도고면 금산리 216-10,도고면,유개승강장
1360,10166,신도브래뉴아파트,충청남도 아산시 용화동 11-33,온양5동,표지판
1361,10167,청솔아파트,충청남도 아산시 권곡동 100-3,온양3동,유개승강장
1362,10168,청솔아파트,충청남도 아산시 권곡동 171-21,온양3동,표지판
1363,10169,오목초등학교,충청남도 아산시 신창면 오목리 307-76,신창면,시설없음
1364,10170,오목초등학교,충청남도 아산시 신창면 오목리 307-76,신창면,시설없음
1365,10171,신창면사무소,충청남도 아산시 신창면 서부북로 633 신창면사무소 입구앞,신창면,표지판
1366,10172,신창파출소,충청남도 아산시 신창면 오목리 300-14,신창면,시설없음
1367,10173,오목오거리,충청남도 아산시 신창면 오목리 300-107,신창면,시설없음
1368,10174,남성3리 복지회관,충청남도 아산시 신창면 남성리 72,신창면,표지판
1369,10175,남성3리 복지회관,충청남도 아산시 신창면 남성리 72-1,신창면,표지판
1370,10176,장미아파트,충청남도 아산시 신창면 남성리 70-8,신창면,시설없음
1371,10177,장미아파트입구,충청남도 아산시 배미동 150-4,온양4동,표지판
1372,10178,궁화리 진너머,충청남도 아산시 신창면 궁화리 353-1,신창면,시설없음
1373,10179,궁화1리 준말,충청남도 아산시 신창면 궁화리 910,신창면,시설없음
1374,10180,궁화리 국시미,충청남도 아산시 신창면 궁화리 316,신창면,표지판
1375,10181,궁화리 국시미,충청남도 아산시 신창면 궁화리 316,신창면,시설없음
1376,10182,궁화리 조내골,충청남도 아산시 신창면 궁화리 485-3,신창면,시설없음
1377,10183,궁화리 조내골,충청남도 아산시 신창면 궁화리 485-3,신창면,표지판
1378,10184,궁화리 종점,충청남도 아산시 신창면 궁화리 539-4,신창면,시설없음
1379,10185,궁화리 종점,충청남도 아산시 신창면 궁화리 539-4,신창면,시설없음
1380,10186,오목리 정안,충청남도 아산시 신창면 오목리 1027,신창면,유개승강장
1381,10187,가덕2리 덕동,충청남도 아산시 신창면 가덕리 519-5,신창면,시설없음
1382,10188,창덕에버빌,충청남도 아산시 신창면 신곡리 59-13,신창면,유개승강장
1383,10189,가내리입구,충청남도 아산시 신창면 가내리 406-5,신창면,유개승강장
1384,10190,가내2리 번개말,충청남도 아산시 신창면 가내리 산48-4,신창면,유개승강장
1385,10191,가내1리 조원동,충청남도 아산시 신창면 가내리 183-9,신창면,시설없음
1386,10192,가내1리,충청남도 아산시 신창면 가내리 146-8,신창면,표지판
1387,10193,가내1리,충청남도 아산시 신창면 가내리 146-8,신창면,표지판
1388,10194,가내3리 가리울,충청남도 아산시 신창면 가내리 63,신창면,유개승강장
1389,10195,가내3리 가리울,충청남도 아산시 신창면 가내리 63,신창면,표지판
1390,10198,온양여중고,충청남도 아산시 모종동 592-5,온양3동,시설없음
1391,10201,홍곳리,충청남도 아산시 선장면 홍곳리 392-1,선장면,시설없음
1392,10202,대흥2리,충청남도 아산시 선장면 대흥리 459-1,선장면,표지판
1393,10203,대흥1리,충청남도 아산시 선장면 채신언리 61-13,선장면,유개승강장
1394,10204,대흥삼거리,충청남도 아산시 선장면 대흥리 448-1,선장면,표지판
1395,10205,대흥리종점,충청남도 아산시 선장면 대흥리 266-22,선장면,시설없음
1396,10206,대흥리종점,충청남도 아산시 선장면 대흥리 266-22,선장면,시설없음
1397,10207,구 삼선초등학교,충청남도 아산시 선장면 대흥리 304-50,선장면,시설없음
1398,10208,구 삼선초등학교,충청남도 아산시 선장면 대흥리 304-50,선장면,시설없음
1399,10209,궁평3리회관,충청남도 아산시 선장면 대흥리 321-1,선장면,시설없음
1400,10210,대흥3리,충청남도 아산시 선장면 군덕리 산3-6,선장면,시설없음
1401,10211,선도농협주유소,충청남도 아산시 선장면 군덕리 443-19,선장면,유개승강장
1402,10212,선도농협주유소,충청남도 아산시 선장면 군덕리 443-19,선장면,시설없음
1403,10213,선장초등학교,충청남도 아산시 선장면 군덕리 72-6,선장면,시설없음
1404,10214,선장삼거리,충청남도 아산시 선장면 군덕리 83-1,선장면,표지판
1405,10215,선장삼거리,충청남도 아산시 선장면 군덕리 512-10,선장면,표지판
1406,10216,선장삼거리,충청남도 아산시 선장면 군덕리 512-10,선장면,표지판
1407,10217,군덕복지회관,충청남도 아산시 선장면 군덕리 429-2,선장면,시설없음
1408,10218,선장면사무소,충청남도 아산시 선장면 군덕리 434-8,선장면,시설없음
1409,10219,가산2리 동안말,충청남도 아산시 선장면 가산리 937-1,선장면,유개승강장+표지판
1410,10220,가산2리,충청남도 아산시 선장면 가산리 937-1,선장면,시설없음
1411,10221,유곡2리,충청남도 아산시 송악면 유곡리 250-2,송악면,시설없음
1412,10222,휴대2리,충청남도 아산시 배방읍 휴대리 335-3,배방읍,유개승강장
1413,10223,신창중학교,충청남도 아산시 신창면 오목리 269-1,신창면,유개승강장
1414,10224,오목2리,충청남도 아산시 신창면 오목리 204-42,신창면,유개승강장
1415,10225,성우하이텍앞,충청남도 아산시 신창면 궁화리 산32-12,신창면,표지판
1416,10226,궁화2리 신당,충청남도 아산시 신창면 궁화리 679-2,신창면,표지판
1417,10227,궁화2리조내골,충청남도 아산시 신창면 궁화리 543-2,신창면,시설없음
1418,10228,궁화2리 비성골,충청남도 아산시 신창면 궁화리 166-2,신창면,표지판
1419,10229,죽산1리 너드리,충청남도 아산시 선장면 죽산리 123-3,선장면,표지판
1420,10230,죽산2리 성산,충청남도 아산시 선장면 죽산리 225-3,선장면,시설없음
1421,10231,엘크루아파트,충청남도 아산시 신인동 345-3,온양5동,표지판
1422,10232,냉정골,충청남도 아산시 둔포면 신남리 743-28,둔포면,표지판
1423,10233,석곡1리 독골,충청남도 아산시 둔포면 석곡리 291-2,둔포면,시설없음
1424,10234,염작초등학교,충청남도 아산시 둔포면 석곡리 1539,둔포면,시설없음
1425,10235,염작2리입구,충청남도 아산시 둔포면 석곡리 1591,둔포면,시설없음
1426,10236,석곡1리 독골,충청남도 아산시 둔포면 석곡리 291-2,둔포면,시설없음
1427,10237,석곡2리 돌다리,충청남도 아산시 둔포면 석곡리 1832,둔포면,유개승강장+표지판
1428,10238,이지더원8단지,충청남도 아산시 둔포면 석곡리 1807,둔포면,유개승강장+표지판
1429,10239,신휴3리,충청남도 아산시 음봉면 신휴리 221-23,음봉면,시설없음
1430,10240,쌍용보건지소,충청남도 아산시 음봉면 쌍룡리 133-6,음봉면,시설없음
1431,10241,쌍죽리마을회관,충청남도 아산시 염치읍 쌍죽리 123-2,염치읍,시설없음
1432,10242,독자기,충청남도 아산시 배방읍 공수리 46-21,배방읍,표지판
1433,10243,백암2리,충청남도 아산시 염치읍 백암리 226-2,염치읍,시설없음
1434,10244,소동3리,충청남도 아산시 음봉면 소동리 7-5,음봉면,유개승강장
1435,10245,소동1리,충청남도 아산시 음봉면 소동리 274-1,음봉면,시설없음
1436,10247,방현3리,충청남도 아산시 염치읍 방현리 633,염치읍,시설없음
1437,10248,열병합발전소,충청남도 아산시 배방읍 장재리 1194,배방읍,유개승강장
1438,10249,학성교회,충청남도 아산시 선장면 죽산리 320,선장면,유개승강장
1439,10250,죽산리입구,충청남도 아산시 선장면 죽산리 329-9,선장면,시설없음
1440,10251,선창3리 가장골,충청남도 아산시 선장면 선창리 391-6,선장면,유개승강장
1441,10252,선창3리 토막사,충청남도 아산시 선장면 선창리 221-4,선장면,시설없음
1442,10253,선창3리 토막사,충청남도 아산시 선장면 선창리 221-4,선장면,유개승강장
1443,10254,선창1리 입구,충청남도 아산시 선장면 선창리 355-2,선장면,시설없음
1444,10255,선창1리 입구,충청남도 아산시 선장면 선창리 332-3,선장면,시설없음
1445,10256,선창1리마을회관,충청남도 아산시 선장면 선창리 299-16,선장면,시설없음
1446,10257,선창1리마을회관,충청남도 아산시 선장면 선창리 299-16,선장면,시설없음
1447,10258,신동2리마을회관,충청남도 아산시 선장면 신동리 172-2,선장면,시설없음
1448,10259,신동1리,충청남도 아산시 선장면 신동리 324-7,선장면,시설없음
1449,10260,신정중학교,충청남도 아산시 실옥동 192-15,온양4동,시설없음
1450,10261,신정중학교,충청남도 아산시 실옥동 192-15,온양4동,시설없음
1451,10262,수광사입구,충청남도 아산시 배미동 107-2,온양4동,시설없음
1452,10263,수장2리,충청남도 아산시 신창면 수장리 231-2,신창면,유개승강장
1453,10264,수장리 종점,충청남도 아산시 신창면 수장리 195-21,신창면,시설없음
1454,10265,신인동 전의실,충청남도 아산시 신인동 94-7,온양5동,표지판
1455,10266,신인2통 방죽안,충청남도 아산시 신인동 438-2,온양5동,표지판
1456,10267,기산2통마을회관,충청남도 아산시 기산동 261-2,온양5동,표지판
1457,10268,경찰대학교,충청남도 아산시 신창면 황산리 16-17,신창면,유개승강장+표지판
1458,10269,황산2리회관,충청남도 아산시 신창면 황산리 342-18,신창면,유개승강장+표지판
1459,10270,황산2리,충청남도 아산시 신창면 창암리 219-7,신창면,시설없음
1460,10271,창암1리,충청남도 아산시 신창면 창암리 329-9,신창면,시설없음
1461,10272,행목리,충청남도 아산시 신창면 행목리 446-1,신창면,표지판
1462,10273,창암2리 울바위,충청남도 아산시 신창면 창암리 29-3,신창면,표지판
1463,10274,창암2리 울바위,충청남도 아산시 신창면 창암리 29-3,신창면,유개승강장
1464,10275,읍내2리,충청남도 아산시 신창면 읍내리 244-5,신창면,유개승강장+표지판
1465,10276,순천향대학교,충청남도 아산시 신창면 읍내리 670-10,신창면,표지판
1466,10277,글로리콘도입구,충청남도 아산시 도고면 기곡리 29-3,도고면,유개승강장
1467,10278,도고로얄호텔,충청남도 아산시 도고면 기곡리 174-19,도고면,표지판
1468,10279,한국콘도,충청남도 아산시 선장면 신성리 427-23,선장면,표지판
1469,10280,옹기전시체험관,충청남도 아산시 도고면 신언리 71-21,도고면,시설없음
1470,10281,시전사거리,충청남도 아산시 도고면 시전리 379-16,도고면,표지판
1471,10282,금산리,충청남도 아산시 도고면 금산리 216-10,도고면,표지판
1472,10283,신창초등학교.신창향교,충청남도 아산시 신창면 읍내리 253-2,신창면,시설없음
1473,10284,시전3리강리,충청남도 아산시 도고면 시전리 197-8,도고면,시설없음
1474,10285,도고중학교,충청남도 아산시 도고면 시전리 산4-5,도고면,유개승강장
1475,10286,신유리 버들목,충청남도 아산시 도고면 신유리 331-2,도고면,시설없음
1476,10287,신유리 팽나무갱이,충청남도 아산시 도고면 신유리 214-1,도고면,유개승강장
1477,10288,신유삼거리,충청남도 아산시 도고면 신유리 70-3,도고면,시설없음
1478,10289,덕암리 입구,충청남도 아산시 도고면 신유리 14-6,도고면,시설없음
1479,10290,도산2리 노루목,충청남도 아산시 도고면 도산리 161-2,도고면,시설없음
1480,10291,도산2리 새말,충청남도 아산시 도고면 도산리 126-3,도고면,시설없음
1481,10292,도산2리 정촌,충청남도 아산시 도고면 도산리 65-3,도고면,시설없음
1482,10293,오암2리구암말,충청남도 아산시 도고면 오암리 314-20,도고면,시설없음
1483,10294,화천초등학교,충청남도 아산시 도고면 화천리 179-3,도고면,시설없음
1484,10295,오암1리회관,충청남도 아산시 도고면 오암리 177-1,도고면,시설없음
1485,10296,화천2리회관,충청남도 아산시 도고면 화천리 223-1,도고면,유개승강장
1486,10297,농은리마을회관,충청남도 아산시 도고면 농은리 214-2,도고면,시설없음
1487,10298,농은리,충청남도 아산시 도고면 농은리 239-3,도고면,유개승강장
1488,10299,진테크,충청남도 아산시 도고면 와산리 19-2,도고면,표지판
1489,10300,석당리 마을회관,충청남도 아산시 도고면 석당리 130-3,도고면,시설없음
1490,10301,석당리 철장모랭이,충청남도 아산시 도고면 석당리 442-4,도고면,시설없음
1491,10302,덕암리마을회관,충청남도 아산시 도고면 덕암리 712,도고면,시설없음
1492,10303,도고농공단지,충청남도 아산시 도고면 신언리 56-22,도고면,표지판
1493,10304,신언리삼거리,충청남도 아산시 도고면 신언리 100-6,도고면,표지판
1494,10305,신언리삼거리,충청남도 아산시 도고면 신언리 96-7,도고면,표지판
1495,10306,신언2리,충청남도 아산시 도고면 신언리 150-2,도고면,시설없음
1496,10307,건널목삼거리,충청남도 아산시 도고면 신언리 384-7,도고면,표지판
1497,10308,건널목삼거리,충청남도 아산시 도고면 신언리 382-6,도고면,표지판
1498,10309,신성1리,충청남도 아산시 선장면 신성리 275-4,선장면,시설없음
1499,10310,신성1리신라리,충청남도 아산시 선장면 신성리 163-1,선장면,시설없음
1500,10311,대정리,충청남도 아산시 선장면 대정리 242,선장면,시설없음
1501,10312,장곳리,충청남도 아산시 선장면 장곳리 22-1,선장면,시설없음
1502,10313,신덕2리 앞뜸,충청남도 아산시 선장면 장곳리 405,선장면,시설없음
1503,10314,신덕2리,충청남도 아산시 선장면 신덕리 82-2,선장면,시설없음
1504,10315,신덕2리,충청남도 아산시 선장면 신덕리 321,선장면,시설없음
1505,10316,뒤뜸,충청남도 아산시 선장면 신덕리 187-1,선장면,시설없음
1506,10317,건너하평,충청남도 아산시 선장면 신덕리 627,선장면,시설없음
1507,10318,신덕1리 사거리,충청남도 아산시 선장면 신덕리 583,선장면,시설없음
1508,10319,신덕1리,충청남도 아산시 선장면 신덕리 501,선장면,유개승강장
1509,10320,돈포1리,충청남도 아산시 선장면 돈포리 1037,선장면,시설없음
1510,10321,돈포2리,충청남도 아산시 선장면 돈포리 788,선장면,시설없음
1511,10322,열장원,충청남도 아산시 선장면 돈포리 308-2,선장면,시설없음
1512,10323,군덕교,충청남도 아산시 도고면 신언리 740-1,도고면,시설없음
1513,10324,군덕2리,충청남도 아산시 선장면 군덕리 146-3,선장면,시설없음
1514,10325,군덕2리회관,충청남도 아산시 선장면 군덕리 105-1,선장면,시설없음
1515,10326,신정1리,충청남도 아산시 음봉면 신정리 116-5,음봉면,유개승강장
1516,10327,관대리,충청남도 아산시 둔포면 관대리 176-2,둔포면,시설없음
1517,10328,관대리 관터,충청남도 아산시 둔포면 관대리 127-8,둔포면,유개승강장
1518,10329,관대리 더리미,충청남도 아산시 둔포면 관대리 59-8,둔포면,유개승강장
1519,10335,봉재리,충청남도 아산시 둔포면 봉재리 134-5,둔포면,유개승강장
1520,10336,신양2리,충청남도 아산시 둔포면 신양리 517,둔포면,유개승강장
1521,10337,신양1리,충청남도 아산시 둔포면 신양리 207-18,둔포면,유개승강장
1522,10338,신양1리 마을입구,충청남도 아산시 둔포면 신양리 242-14,둔포면,유개승강장
1523,10339,신양리 당우리,충청남도 아산시 둔포면 신양리 255-8,둔포면,시설없음
1524,10340,산전리 산직말,충청남도 아산시 둔포면 산전리 265-17,둔포면,시설없음
1525,10341,산전리 산직말,충청남도 아산시 둔포면 산전리 265-17,둔포면,시설없음
1526,10342,산전리 마을회관,충청남도 아산시 둔포면 산전리 297-1,둔포면,유개승강장
1527,10343,산전리 마을회관,충청남도 아산시 둔포면 산전리 297-1,둔포면,시설없음
1528,10344,신운3리,충청남도 아산시 영인면 신운리 486-2,영인면,시설없음
1529,10345,신운리게이트볼장,충청남도 아산시 영인면 신운리 414-2,영인면,시설없음
1530,10346,아산흰돌유치원,충청남도 아산시 영인면 백석포리 292-3,영인면,시설없음
1531,10347,구성1리,충청남도 아산시 영인면 구성리 387-7,영인면,표지판
1532,10348,구성2리,충청남도 아산시 영인면 구성리 73-16,영인면,유개승강장
1533,10349,구성3리,충청남도 아산시 영인면 구성리 3-10,영인면,유개승강장
1534,10350,구성3리,충청남도 아산시 영인면 구성리 3-10,영인면,유개승강장
1535,10351,창용1리,충청남도 아산시 영인면 창용리 461-3,영인면,시설없음
1536,10352,창용2리 당개,충청남도 아산시 영인면 창용리 62-3,영인면,표지판
1537,10353,창용4리,충청남도 아산시 영인면 창용리 30-6,영인면,시설없음
1538,10354,남창초등학교,충청남도 아산시 둔포면 신남리 239-6,둔포면,표지판
1539,10355,신남1리,충청남도 아산시 둔포면 신남리 200-2,둔포면,시설없음
1540,10356,시포리,충청남도 아산시 둔포면 시포리 109-1,둔포면,시설없음
1541,10357,아산리 절골,충청남도 아산시 음봉면 신수리 285-1,음봉면,시설없음
1542,10358,신화초등학교,충청남도 아산시 영인면 신화리 523-29,영인면,표지판
1543,10359,성내1리,충청남도 아산시 영인면 성내리 350-1,영인면,유개승강장
1544,10360,성내1리,충청남도 아산시 영인면 성내리 350-1,영인면,시설없음
1545,10361,신봉3리 흔티,충청남도 아산시 영인면 신봉리 94-1,영인면,시설없음
1546,10362,신봉3리,충청남도 아산시 영인면 신봉리 115-1,영인면,시설없음
1547,10363,신봉3리,충청남도 아산시 영인면 신봉리 160-20,영인면,유개승강장
1548,10364,태정기공앞,충청남도 아산시 영인면 신봉리 864,영인면,시설없음
1549,10365,신남5리,충청남도 아산시 둔포면 신남리 751-14,둔포면,시설없음
1550,10366,신항2리,충청남도 아산시 둔포면 신항리 산27-1,둔포면,유개승강장
1551,10367,신항2리,충청남도 아산시 둔포면 신항리 479,둔포면,시설없음
1552,10368,신화3리,충청남도 아산시 영인면 신화리 498-2,영인면,시설없음
1553,10371,태양EP앞,충청남도 아산시 영인면 신봉리 산105-4,영인면,시설없음
1554,10372,태양EP앞,충청남도 아산시 영인면 신봉리 산105-4,영인면,시설없음
1555,10373,신봉2리새떼배기,충청남도 아산시 영인면 신봉리 436-4,영인면,시설없음
1556,10374,신봉2리새떼배기,충청남도 아산시 영인면 신봉리 436-4,영인면,표지판
1557,10375,신봉2리 마을회관,충청남도 아산시 영인면 신봉리 1103-2,영인면,시설없음
1558,10376,신봉2리 한심직이,충청남도 아산시 영인면 신봉리 985-1,영인면,시설없음
1559,10377,신봉2리 한심직이,충청남도 아산시 영인면 신봉리 985-1,영인면,유개승강장
1560,10378,창용4리 마산,충청남도 아산시 영인면 창용리 15-117,영인면,시설없음
1561,10384,온양중학교,충청남도 아산시 용화동 945,온양5동,시설없음
1562,10385,평생학습관,충청남도 아산시 용화동 778,온양5동,표지판
1563,10386,용화아이파크,충청남도 아산시 용화동 1393,온양5동,유개승강장
1564,10387,용화아이파크,충청남도 아산시 용화동 111-52,온양5동,표지판
1565,10388,초가집한식,충청남도 아산시 둔포면 석곡리 1509,둔포면,시설없음
1566,10389,신기모빌,충청남도 아산시 둔포면 석곡리 1549,둔포면,유개승강장
1567,10390,행운원룸,충청남도 아산시 둔포면 석곡리 1625,둔포면,시설없음
1568,10391,주식회사 성곡,충청남도 아산시 둔포면 석곡리 1625,둔포면,시설없음
1569,10392,상진,충청남도 아산시 둔포면 석곡리 1559,둔포면,표지판
1570,10393,주식회사 성곡,충청남도 아산시 둔포면 석곡리 1625,둔포면,시설없음
1571,10394,행운원룸,충청남도 아산시 둔포면 석곡리 1625,둔포면,시설없음
1572,10395,신기모빌,충청남도 아산시 둔포면 석곡리 1549,둔포면,시설없음
1573,10396,초가집한식,충청남도 아산시 둔포면 선곡리 1613,둔포면,시설없음
1574,10397,이지더원아파트,충청남도 아산시 둔포면 석곡리 1689,둔포면,유개승강장
1575,10398,서진캠,충청남도 아산시 둔포면 석곡리 1375,둔포면,유개승강장+표지판
1576,10399,신언1리된벌,충청남도 아산시 도고면 신언리 525,도고면,시설없음
1577,10400,효자리마을회관,충청남도 아산시 도고면 효자리 61-1,도고면,시설없음
1578,10401,효자리마을회관,충청남도 아산시 도고면 효자리 61-1,도고면,표지판
1579,10402,염치읍사무소,충청남도 아산시 염치읍 염성리 182-2,염치읍,표지판
1580,10403,염치읍사무소,충청남도 아산시 염치읍 염성리 182-2,염치읍,시설없음
1581,10404,염성1리,충청남도 아산시 염치읍 염성리 77-3,염치읍,시설없음
1582,10405,신성1리 마을회관,충청남도 아산시 선장면 신성리 132-7,선장면,시설없음
1583,10406,신성2리 마을회관 건너,충청남도 아산시 선장면 신성리 77-39,선장면,시설없음
1584,10407,신성2리 마을회관,충청남도 아산시 선장면 신성리 77-13,선장면,표지판
1585,10408,원앙주조,충청남도 아산시 선장면 신성리 21,선장면,표지판
1586,10409,원앙주조,충청남도 아산시 선장면 신성리 77-28,선장면,시설없음
1587,10410,신성1리 마을회관,충청남도 아산시 선장면 신성리 417,선장면,시설없음
1588,10411,신통1리 마을회관,충청남도 아산시 도고면 신통리 220-2,도고면,표지판
1589,10412,신통2리 마을회관,충청남도 아산시 도고면 신통리 11-3,도고면,시설없음
1590,10413,신통교앞,충청남도 아산시 도고면 향산리 225-10,도고면,시설없음
1591,10416,석두2리,충청남도 아산시 염치읍 석두리 292,염치읍,시설없음
1592,10417,백암3리 마을회관,충청남도 아산시 염치읍 백암리 214-3,염치읍,시설없음
1593,10418,송곡1리,충청남도 아산시 염치읍 송곡리 190-12,염치읍,시설없음
1594,10419,석정1리,충청남도 아산시 염치읍 석정리 283-4,염치읍,시설없음
1595,10420,석두1리,충청남도 아산시 염치읍 석두리 415,염치읍,표지판
1596,10421,석두교,충청남도 아산시 염치읍 곡교리 137-4,염치읍,시설없음
1597,10422,염성1리토골,충청남도 아산시 염치읍 곡교리 457,염치읍,시설없음
1598,10423,오목오거리,충청남도 아산시 신창면 오목리 300-107,신창면,시설없음
1599,10424,신달1리,충청남도 아산시 신창면 신달리 361-3,신창면,시설없음
1600,10425,신달리,충청남도 아산시 신창면 신달리 533,신창면,시설없음
1601,10426,신달2리마을회관,충청남도 아산시 신창면 신달리 775,신창면,시설없음
1602,10427,득산동입구,충청남도 아산시 득산동 16-8,온양4동,시설없음
1603,10428,시전2구마을회관,충청남도 아산시 도고면 시전리 581-75,도고면,표지판
1604,10429,시전2구 마을회관,충청남도 아산시 도고면 시전리 581-75,도고면,유개승강장
1605,10430,구성3리 마을회관,충청남도 아산시 영인면 구성리 52-7,영인면,표지판
1606,10431,구성3리 마을회관,충청남도 아산시 영인면 구성리 52-7,영인면,시설없음
1607,10432,창용1리 마을회관,충청남도 아산시 영인면 창용리 390-2,영인면,유개승강장
1608,10433,배방역,충청남도 아산시 배방읍 구령리 160-9,배방읍,유개승강장
1609,10434,남동,충청남도 아산시 남동 81-2,온양6동,시설없음
1610,10435,신흥리 입구,충청남도 아산시 배방읍 공수리 1027,배방읍,시설없음
1611,10436,신흥리,충청남도 아산시 배방읍 신흥리 68,배방읍,시설없음
1612,10437,도고CC,충청남도 아산시 선장면 신성리 97-24,선장면,시설없음
1613,10438,선창4리 마을회관,충청남도 아산시 선장면 선창리 91,선장면,시설없음
1614,10439,도고CC,충청남도 아산시 선장면 신성리 97-27,선장면,시설없음
1615,10440,송악환승센터(외암민속마을),충청남도 아산시 송악면 역촌리 76,송악면,유개승강장
1616,10441,송학1리마을회관,충청남도 아산시 송악면 송학리 203,송악면,시설없음
1617,10442,송학1리 송학골,충청남도 아산시 송악면 송학리 457,송악면,표지판
1618,10443,종곡리 종점,충청남도 아산시 송악면 종곡리 228,송악면,표지판
1619,10444,종곡리 마을회관,충청남도 아산시 송악면 종곡리 110-3,송악면,표지판
1620,10445,거산2리 마을회관,충청남도 아산시 송악면 거산리 57,송악면,표지판
1621,10446,오돌개마을입구,충청남도 아산시 송악면 강장리 195,송악면,표지판
1622,10447,강장1리 오돌개마을,충청남도 아산시 송악면 강장리 212-4,송악면,유개승강장
1623,10448,동화2리 신신배,충청남도 아산시 송악면 동화리 508-1,송악면,표지판
1624,10449,동화2리 동배골입구,충청남도 아산시 송악면 동화리 580-2,송악면,시설없음
1625,10450,동화2리 마을회관,충청남도 아산시 송악면 동화리 557-1,송악면,시설없음
1626,10451,송학1리마을회관,충청남도 아산시 송악면 송학리 203,송악면,표지판
1627,10452,종곡리 마을회관,충청남도 아산시 송악면 종곡리 110-3,송악면,시설없음
1628,10453,동화2리 신신배,충청남도 아산시 송악면 동화리 508-1,송악면,시설없음
1629,10454,동화2리 동배골입구,충청남도 아산시 송악면 동화리 580-2,송악면,표지판
1630,10455,오돌개마을입구,충청남도 아산시 송악면 강장리 195,송악면,시설없음
1631,10456,평촌2리 입구,충청남도 아산시 송악면 평촌리 148,송악면,유개승강장+표지판
1632,10457,서남대학교,충청남도 아산시 송악면 평촌리 105-14,송악면,시설없음
1633,10458,평촌1리,충청남도 아산시 송악면 평촌리 300-12,송악면,시설없음
1634,10459,평촌1리입구,충청남도 아산시 송악면 평촌리 483-49,송악면,시설없음
1635,10460,초사리 갱티입구,충청남도 아산시 초사동 15-2,온양5동,시설없음
1636,10462,벽산아파트,충청남도 아산시 실옥동 217-2,온양4동,유개승강장
1637,10463,실옥3통,충청남도 아산시 실옥동 205-41,온양4동,유개승강장
1638,10464,실옥3통,충청남도 아산시 실옥동 205-32,온양4동,표지판
1639,10465,선창1리입구,충청남도 아산시 선장면 선창리 355-8,선장면,표지판
1640,10466,선창1리입구,충청남도 아산시 선장면 선창리 333-3,선장면,표지판
1641,10467,온양농협경제센터,충청남도 아산시 법곡동 33-1,온양6동,시설없음
1642,10469,모종주공아파트,충청남도 아산시 모종동 396-12,온양3동,유개승강장
1643,10471,신인1통,충청남도 아산시 신인동 406-1,온양5동,유개승강장+표지판
1644,10472,경찰대학교,충청남도 아산시 신창면 황산리 16-17,신창면,유개승강장+표지판
1645,10473,기산2통입구,충청남도 아산시 신창면 황산리 35-2,신창면,유개승강장+표지판
1646,10474,기산2통 마을회관,충청남도 아산시 기산동 377-10,온양5동,시설없음
1647,10475,성미마을입구,충청남도 아산시 초사동 66,온양5동,표지판
1648,10476,도고온천역,충청남도 아산시 도고면 시전리 343-14,도고면,시설없음
1649,10478,배방석유,충청남도 아산시 배방읍 북수리 791-1,배방읍,표지판
1650,10479,죽산리난고개,충청남도 아산시 선장면 죽산리 323-18,선장면,시설없음
1651,10480,창암2리,충청남도 아산시 신창면 창암리 23-1,신창면,표지판
1652,10481,용연마을1단지,충청남도 아산시 배방읍 용연로 29,배방읍,유개승강장
1653,10482,용연마을1단지,충청남도 아산시 배방읍 용연로 29,배방읍,유개승강장
1654,10483,평생학습관,충청남도 아산시 용화동 771,온양5동,표지판
1655,10486,창암1리고갯마루,충청남도 아산시 신창면 읍내리 614-1,신창면,시설없음
1656,10487,궁화2리조내골,충청남도 아산시 신창면 궁화리 177-40,신창면,표지판
1657,10488,궁화2리조내골,충청남도 아산시 신창면 궁화리 177-40,신창면,표지판
1658,10489,죽산2리회관,충청남도 아산시 선장면 죽산리 251-1,선장면,시설없음
1659,10490,죽산2리회관,충청남도 아산시 선장면 죽산리 251-1,선장면,시설없음
1660,10491,구령리새터,충청남도 아산시 배방읍 구령리 659,배방읍,시설없음
1661,10492,구령리새터,충청남도 아산시 배방읍 구령리 659,배방읍,표지판
1662,10493,신성1리마을회관,충청남도 아산시 선장면 신성리 139-2,선장면,시설없음
1663,10494,신성1리마을회관,충청남도 아산시 선장면 신성리 139-2,선장면,유개승강장+표지판
1664,10495,성우하이텍,충청남도 아산시 선장면 군덕리 10-4,선장면,시설없음
1665,10496,소나무마을,충청남도 아산시 송악면 송학리 179,송악면,표지판
1666,10497,내건너,충청남도 아산시 송악면 송학리 474-4,송악면,표지판
1667,10498,코닝정밀소재2단지,충청남도 아산시 탕정면 명암리 1247-1,탕정면,표지판
1668,10499,아산충무병원,충청남도 아산시 풍기동 210-54,온양6동,유개승강장+표지판
1669,10500,아산충무병원,충청남도 아산시 풍기동 210-54,온양6동,표지판
1670,10501,온양농협경제센터,충청남도 아산시 법곡동 33-1,온양6동,시설없음
1671,10502,화천1리회차지,충청남도 아산시 도고면 화천리 366-5,도고면,유개승강장
1672,10505,신봉3리 공장단지,충청남도 아산시 영인면 신봉리 84-1,영인면,표지판
1673,10506,신봉3리 공장단지,충청남도 아산시 영인면 신봉리 84-1,영인면,시설없음
1674,10507,태헌장미아파트,충청남도 아산시 음봉면 산동리 444-5,음봉면,시설없음
1675,10508,신언3리,충청남도 아산시 도고면 신언리 174-4,도고면,표지판
1676,10509,신언3리,충청남도 아산시 도고면 신언리 174-4,도고면,유개승강장+표지판
1677,10510,신언리삼거리,충청남도 아산시 도고면 신언리 96-7,도고면,표지판
1678,10512,도고세계꽃식물원,충청남도 아산시 도고면 봉농리 579-2,도고면,유개승강장+표지판
1679,10513,선문대학생회관,충청남도 아산시 탕정면 매곡리 706 학생회관,탕정면,표지판
1680,10514,선문대학생회관,충청남도 아산시 탕정면 매곡리 706 학생회관,탕정면,유개승강장
1681,10515,이지더원1차아파트,충청남도 아산시 둔포면 석곡리 1786,둔포면,표지판
1682,10516,이지더원1차아파트,충청남도 아산시 둔포면 석곡리 1786,둔포면,표지판
1683,10517,금산리교차로,충청남도 아산시 도고면 금산리 159-8,도고면,시설없음
1684,10518,태헌장미아파트,충청남도 아산시 음봉면 산동리 423-5,음봉면,시설없음
1685,10521,신정2리마을회관,충청남도 아산시 음봉면 신정리 216-3,음봉면,시설없음
1686,10523,월천지구,충청남도 아산시 배방읍 북수리 1644,배방읍,유개승강장
1687,10524,월천지구,충청남도 아산시 배방읍 북수리 1799,배방읍,유개승강장
1688,10525,이지더원1 2차아파트,충청남도 아산시 둔포면 석곡리 1842,둔포면,스마트승강장
1689,10526,이지더원1 2차아파트,충청남도 아산시 둔포면 석곡리 1842,둔포면,유개승강장+표지판
1690,10527,용연마을1.3단지,충청남도 아산시 배방읍 장재리 1206,배방읍,유개승강장
1691,10528,용연마을1.3단지,충청남도 아산시 배방읍 장재리 2047,배방읍,유개승강장
1692,10529,배방역,충청남도 아산시 배방읍 구령리 159-1,배방읍,유개승강장
1693,10530,배방역,충청남도 아산시 배방읍 구령리 159-1,배방읍,유개승강장
1694,10531,신봉3리마을회관,충청남도 아산시 영인면 신봉리 48-2,영인면,시설없음
1695,10532,배방중학교,충청남도 아산시 배방읍 북수리 산65-47,배방읍,유개승강장
1696,10533,선문대입구,충청남도 아산시 탕정면 매곡리 690-1,탕정면,유개승강장+표지판
1697,10534,영인면사무소.환승센터,충청남도 아산시 영인면 아산리 444-3,영인면,유개승강장
1698,10535,신휴3리 마을회관,충청남도 아산시 음봉면 신휴리 210-8,음봉면,유개승강장
1699,10537,운용삼거리,충청남도 아산시 둔포면 운용리 418-4,둔포면,표지판
1700,10538,운용삼거리,충청남도 아산시 둔포면 운용리 418-4,둔포면,시설없음
1701,10539,능안말,충청남도 아산시 둔포면 석곡리 1307,둔포면,유개승강장
1702,10540,선문대입구,충청남도 아산시 탕정면 매곡리 690-1,탕정면,표지판
1703,10541,매곡리신풍터,충청남도 아산시 탕정면 매곡리 154-1,탕정면,표지판
1704,10542,매곡리신풍터,충청남도 아산시 탕정면 매곡리 154-1,탕정면,유개승강장
1705,10545,운용공원,충청남도 아산시 둔포면 석곡리 1298,둔포면,표지판
1706,10546,산동3리마을회관,충청남도 아산시 음봉면 산동리 72-1,음봉면,시설없음
1707,10547,염치농협,충청남도 아산시 염치읍 염성리 204-3,염치읍,시설없음
1708,10548,삼성전자기숙사후문,충청남도 아산시 탕정면 명암리 1311,탕정면,시설없음
1709,10549,삼성전자기숙사후문,충청남도 아산시 탕정면 명암리 1311,탕정면,표지판
1710,10550,음봉중포스코2.3차,충청남도 아산시 음봉면 동암리 263-1,음봉면,유개승강장
1711,10551,음봉중포스코2.3차,충청남도 아산시 음봉면 동암리 277-6,음봉면,스마트승강장
1712,10552,인주농협,충청남도 아산시 인주면 밀두리 446-1,인주면,시설없음
1713,10553,충남경제진흥원,충청남도 아산시 염치읍 송곡리 244-47,염치읍,유개승강장+표지판
1714,10554,충남경제진흥원,충청남도 아산시 염치읍 송곡리 244-47,염치읍,스마트승강장
1715,10555,송곡2리,충청남도 아산시 염치읍 송곡리 112-435,염치읍,표지판
1716,10556,송곡2리,충청남도 아산시 염치읍 송곡리 112-435,염치읍,유개승강장+표지판
1717,10557,서원리벌판,충청남도 아산시 염치읍 서원리 289-115,염치읍,시설없음
1718,10558,서원리벌판,충청남도 아산시 염치읍 서원리 289-115,염치읍,표지판
1719,10559,구령2리,충청남도 아산시 배방읍 구령리 128-11,배방읍,유개승강장
1720,10560,구령2리,충청남도 아산시 배방읍 구령리 128-11,배방읍,유개승강장
1721,10561,운용리입구,충청남도 아산시 둔포면 운용리 41-2,둔포면,시설없음
1722,10562,도산1리마을회관,충청남도 아산시 도고면 도산리 273-2,도고면,시설없음
1723,10564,물류공장,충청남도 아산시 인주면 해암리 106-10,인주면,표지판
1724,10565,구성3리마을입구,충청남도 아산시 영인면 구성리 1015,영인면,표지판
1725,10566,구성3리마을입구,충청남도 아산시 영인면 구성리 1015,영인면,시설없음
1726,10567,구성3리 능안말,충청남도 아산시 영인면 구성리 1100,영인면,표지판
1727,10568,구성3리 능안말,충청남도 아산시 영인면 구성리 1100,영인면,시설없음
1728,10569,신봉리 부랑골,충청남도 아산시 영인면 신봉리 511-8,영인면,시설없음
1729,10570,신봉리 부랑골,충청남도 아산시 영인면 신봉리 511-8,영인면,표지판
1730,10571,신봉2리 첫고개,충청남도 아산시 영인면 신봉리 산86-3,영인면,시설없음
1731,10572,신봉2리 첫고개,충청남도 아산시 영인면 신봉리 산86-3,영인면,표지판
1732,10573,와우리마을회관,충청남도 아산시 영인면 와우리 138-9,영인면,시설없음
1733,10574,신화교회,충청남도 아산시 영인면 와우리 44-3,영인면,시설없음
1734,10575,신화교회,충청남도 아산시 영인면 와우리 44-3,영인면,표지판
1735,10576,광명,충청남도 아산시 영인면 와우리 26-7,영인면,표지판
1736,10577,광명,충청남도 아산시 영인면 와우리 26-7,영인면,시설없음
1737,10578,구성3리오반길,충청남도 아산시 영인면 구성리 51-3,영인면,표지판
1738,10579,구성3리오반길,충청남도 아산시 영인면 구성리 51-3,영인면,시설없음
1739,10580,특수교육원,충청남도 아산시 배방읍 장재리 1628,배방읍,유개승강장+표지판
1740,10581,운용공원,충청남도 아산시 둔포면 석곡리 1298,둔포면,표지판
1741,10582,금화산업단지,충청남도 아산시 음봉면 산동리 930-3,음봉면,시설없음
1742,10583,금화산업단지,충청남도 아산시 음봉면 산동리 930-3,음봉면,표지판
1743,10584,휴먼시아7단지,충청남도 아산시 배방읍 장재리 1550,배방읍,표지판
1744,10585,현충사입구,충청남도 아산시 염치읍 백암리 291-17,염치읍,유개승강장
1745,10586,송곡2리 마을길,충청남도 아산시 염치읍 송곡리 110-7,염치읍,표지판
1746,10587,송곡2리 마을길,충청남도 아산시 염치읍 송곡리 110-7,염치읍,표지판
1747,10588,와우리마을길,충청남도 아산시 영인면 와우리 20-2,영인면,표지판
1748,10589,와우리마을길,충청남도 아산시 영인면 와우리 20-2,영인면,시설없음
1749,10590,공공하수처리시설,충청남도 아산시 탕정면 갈산리 585-11,탕정면,표지판
1750,10591,공공하수처리시설,충청남도 아산시 탕정면 갈산리 585-11,탕정면,표지판
1751,10592,법곡동코아루,충청남도 아산시 법곡동 1-71,온양6동,유개승강장+표지판
1752,10593,법곡동코아루,충청남도 아산시 법곡동 산1-6,온양6동,유개승강장+표지판
1753,10594,예꽃재마을,충청남도 아산시 송악면 강장리 21-3,송악면,표지판
1754,10595,예꽃재마을,충청남도 아산시 송악면 강장리 21-3,송악면,유개승강장+표지판
1755,10596,도고온천역,충청남도 아산시 도고면 시전리 607-5,도고면,유개승강장
1756,10597,도고온천역,충청남도 아산시 도고면 시전리 343-10,도고면,유개승강장
1757,10598,시전3리.가향리,충청남도 아산시 도고면 시전리 586-2,도고면,유개승강장
1758,10599,시전3리.가향리,충청남도 아산시 도고면 시전리 322-16,도고면,표지판
1759,10600,유곡교,충청남도 아산시 송악면 마곡리 309-3,송악면,표지판
1760,10601,외암민속마을 저잣거리,충청남도 아산시 송악면 역촌리 75-3,송악면,표지판
1761,10602,외암민속마을 저잣거리,충청남도 아산시 송악면 역촌리 75-3,송악면,표지판
1762,10603,아산시공설봉안당,충청남도 아산시 송악면 거산리 406-4,송악면,시설없음
1763,10604,오돌개마을,충청남도 아산시 송악면 강장리 23-81,송악면,표지판
1764,10605,평촌리입구,충청남도 아산시 송악면 평촌리 108-11,송악면,표지판
1765,10606,평촌리입구,충청남도 아산시 송악면 평촌리 108-11,송악면,표지판
1766,10607,신운2리 마을회관,충청남도 아산시 영인면 신운리 285-3,영인면,유개승강장+표지판
1767,10608,용화3통,충청남도 아산시 용화동 1581,온양5동,표지판
1768,10609,용화3통,충청남도 아산시 용화동 91-1,온양5동,유개승강장
1769,10610,신정리,충청남도 아산시 음봉면 신정리 443-2,음봉면,표지판
1770,10611,신정리,충청남도 아산시 음봉면 신정리 248-1,음봉면,표지판
1771,10612,신봉교,충청남도 아산시 영인면 신봉리 1108-1,영인면,표지판
1772,10613,신봉교,충청남도 아산시 영인면 신봉리 1108-1,영인면,표지판
1773,10614,공수4리 2반,충청남도 아산시 배방읍 공수리 717,배방읍,표지판
1774,10615,공수4리 2반,충청남도 아산시 배방읍 공수리 703,배방읍,표지판
1775,10616,유곡2리마을회관,충청남도 아산시 송악면 유곡리 712,송악면,유개승강장
1776,10617,황산리 모산,충청남도 아산시 신창면 황산리 5-23,신창면,시설없음
1777,10618,이내삼거리,충청남도 아산시 배방읍 북수리 645-26,배방읍,표지판
1778,10619,이내삼거리,충청남도 아산시 배방읍 북수리 1354,배방읍,표지판
1779,10620,산전리입구,충청남도 아산시 둔포면 봉재리 456,둔포면,표지판
1780,10621,산전리입구,충청남도 아산시 둔포면 봉재리 456,둔포면,유개승강장+표지판
1781,10622,역촌리,충청남도 아산시 송악면 역촌리 396-19,송악면,표지판
1782,10623,역촌리,충청남도 아산시 송악면 역촌리 513-12,송악면,표지판
1783,10624,고속버스터미널,충청남도 아산시 모종동 557-17,온양3동,표지판
1784,10626,신창초등학교,충청남도 아산시 신창면 읍내리 287-12,신창면,표지판
1785,10627,안골마을회관,충청남도 아산시 영인면 성내리 744-7,영인면,시설없음
1786,10628,성내1리 쇠재,충청남도 아산시 영인면 성내리 392-2,영인면,시설없음
1787,10629,한성공장앞,충청남도 아산시 영인면 역리 681-1,영인면,시설없음
1788,10630,안골,충청남도 아산시 영인면 성내리 488-2,영인면,표지판
1789,10631,신화초등학교,충청남도 아산시 영인면 신화리 523-29,영인면,유개승강장
1790,10632,새말,충청남도 아산시 둔포면 신항리 113-7,둔포면,시설없음
1791,10633,다라미자운영마을,충청남도 아산시 송악면 역촌리 164-1,송악면,표지판
1792,10634,다라미자운영마을,충청남도 아산시 송악면 역촌리 20-4,송악면,표지판
1793,10635,창용리삼양,충청남도 아산시 영인면 창용리 76-4,영인면,표지판
1794,10636,창용리삼양,충청남도 아산시 영인면 창용리 76-4,영인면,표지판
1795,10637,북수2리마을입구,충청남도 아산시 배방읍 북수리 1728,배방읍,유개승강장
1796,10638,북수2리마을입구,충청남도 아산시 배방읍 북수리 1687,배방읍,유개승강장
1797,10640,인주공단교차로,충청남도 아산시 인주면 걸매리 711,인주면,표지판
1798,10641,인주공단교차로,충청남도 아산시 인주면 걸매리 183-36,인주면,유개승강장+표지판
1799,10642,유한,충청남도 아산시 둔포면 송용리 158-18,둔포면,표지판
1800,10643,가스코,충청남도 아산시 둔포면 송용리 170-17,둔포면,표지판
1801,10644,해명사,충청남도 아산시 염치읍 쌍죽길 144-6,염치읍,시설없음
1802,10645,해명사,충청남도 아산시 염치읍 쌍죽길 144-6,염치읍,표지판
1803,10646,신2통입구,충청남도 아산시 모종동 462-31,온양3동,시설없음
1804,10647,신2통입구,충청남도 아산시 모종동 462-31,온양3동,유개승강장
1805,10649,온양6동입구,충청남도 아산시 장존동 422-1,온양6동,표지판
1806,10650,온양6동입구,충청남도 아산시 장존동 422-1,온양6동,시설없음
1807,10651,이지더원4단지,충청남도 아산시 둔포면 석곡리 1797 406동 앞,둔포면,표지판
1808,10652,이지더원3단지,충청남도 아산시 둔포면 석곡리 1788 306동 앞,둔포면,유개승강장+표지판
1809,10653,캐슬어울림2단지,충청남도 아산시 모종동 640 206동 앞,온양3동,유개승강장+표지판
1810,10654,e편한세상,충청남도 아산시 모종동 623,온양3동,표지판
1811,10655,한남프레시앙아파트,충청남도 아산시 염치읍 방현리 445-4,염치읍,표지판
1812,10656,신왕1리 마을회관,충청남도 아산시 둔포면 신왕리 31-2,둔포면,시설없음
1813,10657,신왕2리 새터,충청남도 아산시 둔포면 신왕리 47-5,둔포면,표지판
1814,10658,이지더원5단지,충청남도 아산시 둔포면 석곡리 1790 506동 앞,둔포면,유개승강장+표지판
1815,10659,이지더원6단지,충청남도 아산시 둔포면 석곡리 1793 606동 앞,둔포면,유개승강장+표지판
1816,10660,세교4리 속셈말,충청남도 아산시 배방읍 세교리 594,배방읍,표지판
1817,10663,롯데캐슬1단지,충청남도 아산시 모종동 638,온양3동,시설없음
1818,10664,롯데캐슬1단지,충청남도 아산시 모종동 394-1,온양3동,유개승강장
1819,10665,롯데캐슬3단지,충청남도 아산시 모종동 728,온양3동,유개승강장
1820,10666,롯데캐슬3단지,충청남도 아산시 모종동 728,온양3동,표지판
1821,10667,캐슬어울림1단지,충청남도 아산시 모종동 629,온양3동,유개승강장+표지판
1822,10668,푸르지오아파트,충청남도 아산시 모종동 629,온양3동,유개승강장+표지판
1823,10669,한남프레시앙아파트,충청남도 아산시 염치읍 방현리 445-4,염치읍,시설없음
1824,10670,신왕1리마을회관,충청남도 아산시 둔포면 신왕리 31-2,둔포면,표지판
1825,10671,신왕2리 새터,충청남도 아산시 둔포면 신왕리 47-5,둔포면,시설없음
1826,10672,세교4리 속셈말,충청남도 아산시 배방읍 세교리 594,배방읍,시설없음
1827,10673,농은리 점밭골,충청남도 아산시 도고면 농은리 140-2,도고면,시설없음
1828,10674,농은리 점밭골,충청남도 아산시 도고면 농은리 140-2,도고면,시설없음
1829,10675,선문대학교,충청남도 아산시 탕정면 갈산리 93-11,탕정면,표지판
1830,10676,선문대학교,충청남도 아산시 탕정면 갈산리 93-11,탕정면,표지판
1831,10677,창암3리마을회관,충청남도 아산시 신창면 창암리 589,신창면,표지판
1832,10678,창암3리마을회관,충청남도 아산시 신창면 창암리 589,신창면,표지판
1833,10679,읍내2통삼거리,충청남도 아산시 읍내동 351-7,온양6동,표지판
1834,10680,읍내2통삼거리,충청남도 아산시 읍내동 138-33,온양6동,표지판
1835,10681,신통리입구,충청남도 아산시 도고면 향산리 223,도고면,시설없음
1836,10682,신통리입구,충청남도 아산시 도고면 향산리 223,도고면,표지판
1837,10683,명암2리,충청남도 아산시 탕정면 명암리 1342,탕정면,유개승강장
1838,10684,명암2리,충청남도 아산시 탕정면 명암리 1342,탕정면,유개승강장
1839,10685,동방초등학교앞,충청남도 아산시 배방읍 휴대리 160-3,배방읍,시설없음
1840,10686,신흥마을,충청남도 아산시 배방읍 휴대리 126,배방읍,시설없음
1841,10687,휴대1리,충청남도 아산시 배방읍 휴대리 8-1,배방읍,시설없음
1842,10688,한성아파트,충청남도 아산시 배방읍 휴대리 27-1,배방읍,시설없음
1843,10689,창용1리 마을회관,충청남도 아산시 영인면 창용리 390-2,영인면,시설없음
1844,10691,교원연수원,충청남도 아산시 선장면 신성리 133-2,선장면,표지판
1845,10692,아산중앙도서관,충청남도 아산시 용화동 1392,온양5동,표지판
1846,10693,아산중앙도서관,충청남도 아산시 용화동 1394-4,온양5동,표지판
1847,10694,장영실과학관,충청남도 아산시 배미동 221-2,온양4동,시설없음
1848,10695,장영실과학관,충청남도 아산시 배미동 221-2,온양4동,시설없음
1849,10696,와산리종점,충청남도 아산시 도고면 와산리 432,도고면,시설없음
1850,10698,송용리입구,충청남도 아산시 둔포면 송용리 75-10,둔포면,표지판
1851,10699,유엠하이텍,충청남도 아산시 음봉면 신휴리 785,음봉면,유개승강장
1852,10700,금성풍력,충청남도 아산시 둔포면 석곡리 2063,둔포면,유개승강장
1853,10701,송용리입구,충청남도 아산시 둔포면 송용리 75-10,둔포면,시설없음
1854,10702,송용1리 마을회관,충청남도 아산시 둔포면 송용리 149-1,둔포면,유개승강장+표지판
1855,10703,아산2테크노밸리입구,충청남도 아산시 둔포면 석곡리 1996,둔포면,표지판
1856,10704,현대글로비스,충청남도 아산시 음봉면 신휴리 774,음봉면,유개승강장
1857,10705,신흥리 솔티다리,충청남도 아산시 배방읍 중리 17-2,배방읍,표지판
1858,10706,신흥리 솔티다리,충청남도 아산시 배방읍 중리 27-2,배방읍,표지판
1859,10707,시전1리 입구,충청남도 아산시 도고면 시전리 488,도고면,유개승강장
1860,10708,봉재삼거리,충청남도 아산시 둔포면 봉재리 258-8,둔포면,표지판
1861,10709,한국도시공사,충청남도 아산시 배방읍 휴대리 488,배방읍,유개승강장
1862,10710,한국가스공사 건너,충청남도 아산시 배방읍 휴대리 408,배방읍,유개승강장
1863,10719,대흥1리어촌,충청남도 아산시 선장면 대흥리 266-27,선장면,표지판
1864,10720,대흥1리어촌,충청남도 아산시 선장면 대흥리 266-27,선장면,유개승강장
1865,10721,매곡2리,충청남도 아산시 탕정면 매곡리 617-19,탕정면,유개승강장
1866,10722,매곡2리,충청남도 아산시 탕정면 매곡리 620-6,탕정면,유개승강장
1867,10723,매곡1리마을회관,충청남도 아산시 탕정면 매곡리 579-12,탕정면,유개승강장
1868,10724,매곡1리마을회관,충청남도 아산시 탕정면 매곡리 579-12,탕정면,유개승강장
1869,10725,시외버스터미널 환승정류장,충청남도 아산시 모종동 372-9,온양3동,유개승강장
1870,10726,시외버스터미널(환승정류장),충청남도 아산시 모종동 372-9,온양3동,유개승강장
1871,10727,선장사거리,충청남도 아산시 선장면 군덕리 50-64,선장면,유개승강장
1872,10728,선장사거리,충청남도 아산시 선장면 군덕리 50-64,선장면,표지판
1873,10729,현충사(아산방면),충청남도 아산시 염치읍 백암리 265-24,염치읍,표지판
1874,10730,현충사(천안방면),충청남도 아산시 염치읍 백암리 264-28,염치읍,표지판
1875,10731,한성2차아파트,충청남도 아산시 모종동 634,온양3동,표지판
1876,10732,초원2차아파트,충청남도 아산시 좌부동 85-15,온양6동,시설없음
1877,10733,초원1.2차아파트,충청남도 아산시 좌부동 84-7,온양6동,시설없음
1878,10734,성모복지원앞,충청남도 아산시 영인면 성내리 49-1,영인면,표지판
1879,10735,성모복지원앞,충청남도 아산시 영인면 성내리 933,영인면,표지판
1880,10736,초원아파트입구,충청남도 아산시 음봉면 덕지리 64-5,음봉면,시설없음
1881,10737,모종2통입구,충청남도 아산시 모종동 89-5,온양3동,유개승강장
1882,10738,모종2통입구,충청남도 아산시 모종동 641,온양3동,유개승강장+표지판
1883,10739,배방환승정류장,충청남도 아산시 배방읍 공수리 550-22,배방읍,유개승강장
1884,10740,배방환승정류장,충청남도 아산시 배방읍 공수리 46-41,배방읍,유개승강장
1885,10741,한성아파트정문,충청남도 아산시 배방읍 휴대리 446,배방읍,유개승강장
1886,10742,인주농협하나로마트,충청남도 아산시 인주면 밀두리 218-6,인주면,유개승강장+표지판
1887,10743,인주농협하나로마트,충청남도 아산시 인주면 밀두리 218-1,인주면,표지판
1888,10744,신일아파트,충청남도 아산시 염치읍 송곡리 61-4,염치읍,시설없음
1889,10746,하나마이크로앞,충청남도 아산시 음봉면 원남리 99-2,음봉면,유개승강장
1890,10747,하나마이크로앞,충청남도 아산시 음봉면 원남리 98-8,음봉면,유개승강장
1891,10748,시전1리,충청남도 아산시 도고면 시전리 453-1,도고면,표지판
1892,10749,신유리,충청남도 아산시 도고면 신유리 120-8,도고면,표지판
1893,10750,신항1리입구,충청남도 아산시 둔포면 신항리 68-54,둔포면,표지판
1894,10751,신운1리마을회관,충청남도 아산시 영인면 신운리 554-4,영인면,유개승강장+표지판
1895,10752,LH4차아파트,충청남도 아산시 배방읍 장재리 1986,배방읍,유개승강장
1896,10753,LH4차아파트,충청남도 아산시 배방읍 장재리 1986,배방읍,유개승강장
1897,10754,행목2리입구,충청남도 아산시 신창면 창암리 99-1,신창면,표지판
1898,10755,신유리,충청남도 아산시 도고면 신유리 120-8,도고면,표지판
1899,10756,삼거리입구,충청남도 아산시 음봉면 삼거리 246-12,음봉면,표지판
1900,10757,삼거리입구,충청남도 아산시 음봉면 삼거리 246-12,음봉면,표지판
1901,10758,평촌리회쟁이,충청남도 아산시 송악면 평촌리 443-3,송악면,표지판
1902,10759,평촌리회쟁이,충청남도 아산시 송악면 평촌리 538,송악면,시설없음
1903,10760,배방농협월천지점,충청남도 아산시 배방읍 북수리 50-6,배방읍,유개승강장
1904,10761,배방농협월천지점,충청남도 아산시 배방읍 북수리 50-6,배방읍,유개승강장
1905,10762,신통1리,충청남도 아산시 도고면 신통리 291-3,도고면,시설없음
1906,10763,신통1리,충청남도 아산시 도고면 신통리 291-3,도고면,표지판
1907,10764,시전리,충청남도 아산시 도고면 시전리 467-1,도고면,시설없음
1908,10765,시전리,충청남도 아산시 도고면 시전리 467-1,도고면,표지판
1909,10766,해암3리마을회관,충청남도 아산시 인주면 해암리 358-4,인주면,유개승강장+표지판
1910,10767,해암3리마을회관,충청남도 아산시 인주면 해암리 358-4,인주면,시설없음
1911,10768,대흥3리복지회관,충청남도 아산시 선장면 대흥리 353-23,선장면,시설없음
1912,10769,대흥3리복지회관,충청남도 아산시 선장면 대흥리 353-23,선장면,유개승강장+표지판
1913,10770,시전1리,충청남도 아산시 도고면 시전리 453-1,도고면,시설없음
1914,10771,시전1리 입구,충청남도 아산시 도고면 시전리 488,도고면,시설없음
1915,10774,삼도공조,충청남도 아산시 음봉면 산정리 244-3,음봉면,표지판
1916,10775,초사리 갱티입구,충청남도 아산시 초사동 15-2,온양5동,표지판
1917,10776,갈매리입구,충청남도 아산시 배방읍 갈매리 473,배방읍,표지판
1918,10777,갈매리입구,충청남도 아산시 배방읍 갈매리 473,배방읍,표지판
1919,10778,매곡1리,충청남도 아산시 탕정면 매곡리 532-10,탕정면,시설없음
1920,10779,와산2리마을회관,충청남도 아산시 도고면 와산리 250-1,도고면,시설없음
1921,10780,의식리,충청남도 아산시 음봉면 의식리 40-6,음봉면,시설없음
1922,10781,백암3리 마을회관,충청남도 아산시 염치읍 백암리 214-3,염치읍,시설없음
1923,10782,이지더원7 8차 아파트,충청남도 아산시 둔포면 석곡리 1838,둔포면,시설없음
1924,10783,이지더원7 8차 아파트,충청남도 아산시 둔포면 석곡리 1838,둔포면,유개승강장
1925,10786,용연한글마을,충청남도 아산시 배방읍 장재리 1234,배방읍,표지판
1926,10787,용연한글마을,충청남도 아산시 배방읍 장재리 1234,배방읍,표지판
1927,10788,이지더원7 8단지,충청남도 아산시 둔포면 석곡리 1810 701동 앞,둔포면,스마트승강장
1928,10789,이지더원7 8 단지아파트,충청남도 아산시 둔포면 석곡리 1805 802동 앞,둔포면,유개승강장
1929,10790,일성아파트,충청남도 아산시 온천동 1232-2,온양1동,표지판
1930,10791,남동입구,충청남도 아산시 배방읍 공수리 1064,배방읍,유개승강장+표지판
1931,10792,음봉초등학교,충청남도 아산시 음봉면 삼거리 285-4,음봉면,시설없음
1932,10793,아산시공설봉안당,충청남도 아산시 송악면 거산리 406-4,송악면,시설없음
1933,10794,음봉교차로,충청남도 아산시 음봉면 동천리 266,음봉면,시설없음
1934,10795,인주중학교,충청남도 아산시 인주면 밀두리 38-4,인주면,표지판
1935,10796,양지뜸,충청남도 아산시 도고면 와산리 433(296-10 건너편),도고면,시설없음
1936,10797,탕정역,충청남도 아산시 탕정면 매곡리 245,탕정면,유개승강장
1937,10798,한들물빛 예미지 서문,충청남도 아산시 탕정면 매곡리 318-2,탕정면,유개승강장
1938,10799,한들물빛 하늘채,충청남도 아산시 탕정면 매곡리 318-2,탕정면,유개승강장
1939,10800,한들물빛 예미지,충청남도 아산시 탕정면 매곡리 334-1,탕정면,유개승강장
1940,10801,한들물빛중학교,충청남도 아산시 탕정면 매곡리 366-1,탕정면,유개승강장
1941,10802,인추골,충청남도 아산시 도고면 신유리 178-1,도고면,유개승강장+표지판
1942,10803,인추골,충청남도 아산시 도고면 신유리 178-1,도고면,표지판
1943,10804,LH7단지아파트,충청남도 아산시 배방읍 세교리 1035-8,배방읍,유개승강장
1944,10805,lh7단지아파트건너,충청남도 아산시 배방읍 세교리 1513,배방읍,유개승강장
1945,10806,북수2리 주택단지,충청남도 아산시 배방읍 북수리 1922,배방읍,표지판
1946,10807,북수2리 주택단지,충청남도 아산시 배방읍 북수리 1922,배방읍,표지판
1947,10808,백암3리,충청남도 아산시 염치읍 백암리 263-38,염치읍,표지판
1948,10809,백암3리,충청남도 아산시 염치읍 백암리 263-38,염치읍,표지판
1949,10810,지웰시티3단지정문,충청남도 아산시 탕정면 매곡리 295,탕정면,유개승강장
1950,10811,지웰시티 2단지정문,충청남도 아산시 탕정면 매곡리 462,탕정면,유개승강장
1951,10812,한들물빛 초등학교,충청남도 아산시 탕정면 매곡리 1535,탕정면,유개승강장
1952,10816,세교초등학교,충청남도 아산시 배방읍 세교리 1623,배방읍,유개승강장
1953,10817,e편한세상퍼스트드림,충청남도 아산시 배방읍 세교리 1623,배방읍,유개승강장
1954,10818,lh14단지,충청남도 아산시 배방읍 세교리 1644,배방읍,유개승강장
1955,10819,lh14단지 건너,충청남도 아산시 배방읍 세교리 1644,배방읍,유개승강장
1956,10820,이순신고등학교,충청남도 아산시 배방읍 세교리 392,배방읍,유개승강장
1957,10821,lh15단지,충청남도 아산시 배방읍 세교리 1644,배방읍,유개승강장
1958,10822,lh15단지 건너,충청남도 아산시 배방읍 세교리 1644,배방읍,유개승강장
1959,10823,유원대학교입구,충청남도 아산시 음봉면 동암리 65-17,음봉면,표지판
1960,10824,유원대학교입구,충청남도 아산시 음봉면 동암리 65-3,음봉면,표지판
1961,10825,송촌리,충청남도 아산시 음봉면 송촌리 30-1,음봉면,표지판
1962,10826,송촌리,충청남도 아산시 음봉면 송촌리 22-1,음봉면,표지판
1963,10827,열병합발전소입구,충청남도 아산시 배방읍 장재리 2046,배방읍,표지판
1964,10828,월랑초등학교,충청남도 아산시 음봉면 월랑리 709,음봉면,유개승강장
1965,10829,송남중학교 정문,충청남도 아산시 송악면 역촌리 363-6,송악면,표지판
1966,10830,송남중학교 정문,충청남도 아산시 송악면 역촌리 363-6,송악면,표지판
1967,10831,남동2반,충청남도 아산시 배방읍 공수리 1177,배방읍,표지판
1968,10832,연화마을7단지,충청남도 아산시 배방읍 장재리 1980,배방읍,표지판
1969,10833,코아루웰메이드,충청남도 아산시 배방읍 장재리 1999,배방읍,표지판
1970,10834,코아루웰메이드,충청남도 아산시 배방읍 장재리 1999,배방읍,표지판
1971,10835,기산동,충청남도 아산시 기산동 293-17,온양5동,표지판
1972,10836,기산동,충청남도 아산시 기산동 293-17,온양5동,시설없음
1973,10837,원남2리,충청남도 아산시 음봉면 원남리 11-3,음봉면,표지판
1974,10838,원남2리,충청남도 아산시 음봉면 원남리 11-3,음봉면,표지판
1975,10839,용연마을4거리,충청남도 아산시 배방읍 장재리 1967,배방읍,표지판
1976,10840,배방읍 신도시민원행정센터,충청남도 아산시 배방읍 장재리 1967,배방읍,표지판
1977,10841,동신이엔티,충청남도 아산시 둔포면 석곡리 1595,둔포면,표지판
1978,10842,동산2리 입구,충청남도 아산시 탕정면 동산리 582,탕정면,표지판
1979,10843,신정2리,충청남도 아산시 음봉면 신정리 256-14,음봉면,표지판
1980,10844,신정2리,충청남도 아산시 음봉면 신정리 256-14,음봉면,표지판
1981,10845,동산2리 입구,충청남도 아산시 탕정면 동산리 582,탕정면,시설없음
1982,10846,시전사거리,충청남도 아산시 도고면 향산리 421-2,도고면,표지판
1983,10847,시전사거리,충청남도 아산시 도고면 향산리 421-2,도고면,표지판
1984,10848,석당리부모골,충청남도 아산시 도고면 석당리 1-11,도고면,표지판
1985,10849,삼실이,충청남도 아산시 도고면 신통리 176-4,도고면,표지판
1986,10850,삼실이,충청남도 아산시 도고면 신통리 176-4,도고면,시설없음
1987,10851,용연공원,충청남도 아산시 배방읍 장재리 1967,배방읍,유개승강장
1988,10852,배방석유,충청남도 아산시 배방읍 북수리 871-13,배방읍,시설없음
1989,10853,성내2리 안골입구,충청남도 아산시 영인면 성내리 583-19,영인면,표지판
1990,10855,신정호관광지,충청남도 아산시 신정로 626,온양4동,시설없음
1991,10856,거산2리 작은성골,충청남도 아산시 송악면 외암로 30-30,송악면,표지판
1992,10857,거산2리 작은성골,충청남도 아산시 송악면 외암로 30-30,송악면,표지판
1993,10858,와산2리마을회관,충청남도 아산시 도고면 온천대로595번길 37 와산2리마을회관,도고면,시설없음
1994,10859,중방리 횟곳,충청남도 아산시 염치읍 중방리 66-1,염치읍,표지판
1995,10860,꿈꾸는 나무,충청남도 아산시 송악면 역촌리 396-11,송악면,표지판
1996,10861,꿈꾸는 나무 건너,충청남도 아산시 송악면 역촌리 396-8,송악면,표지판
1997,10862,영인중학교 후문,충청남도 아산시 영인면 아산리 106-5,영인면,표지판
1998,10863,영인중학교 후문 건너,충청남도 아산시 영인면 아산리 106-5,영인면,표지판
1999,10864,석정4리 건너,충청남도 아산시 염치읍 은행나무길 31,염치읍,표지판
2000,10865,마곡1리 마을회관 입구,충청남도 아산시 송악면 마곡리 753,송악면,표지판
2001,10866,마곡1리 마을회관 입구 건너,충청남도 아산시 송악면 마곡리 753,송악면,표지판
2002,10875,순천향대학교,충청남도 아산시 신창면 순천향로 22-18 순천향대학교,신창면,시설없음
2003,10876,순천향대학교,충청남도 아산시 신창면 순천향로 22-18 순천향대학교,신창면,시설없음
2004,10877,형제방죽공원,충청남도 아산시 신창면 서부북로 868,신창면,표지판
2005,10878,순천향대학교,충청남도 아산시 신창면 온천대로 725,신창면,시설없음
2006,10879,염치농협,충청남도 아산시 염치읍 염성리 204-7,염치읍,유개승강장
2007,10884,신아산모아엘가아파트1차,충청남도 아산시 신창면 온천대로 1007-17,신창면,유개승강장
2008,10886,모종네오루체 a,충청남도 아산시 못마루로 139,온양3동,표지판
2009,10887,종곡리 입구,충청남도 아산시 송악면 거산리 215-1,송악면,표지판
2010,10888,종곡리 입구 건너,충청남도 아산시 송악면 거산리 215-1,송악면,표지판
2011,10889,송학리 입구,충청남도 아산시 송악면 송학길 11,송악면,표지판
2012,10890,송학리 입구 건너,충청남도 아산시 송악면 송학길 11,송악면,표지판
2013,10893,한국표준협회 건너,충청남도 아산시 배방읍 고속철대로 66,배방읍,표지판
2014,10895,더샵센트로아파트,충청남도 아산시 배방읍 북수로 163 더샵센트로 ,배방읍,유개승강장
2015,10896,더샵센트로아파트 건너,충청남도 아산시 배방읍 온천대로 2201-15,배방읍,유개승강장
2016,10898,아소협동화단지,충청남도 아산시 음봉면 연암율금로295번길 46,음봉면,표지판
2017,10899,아소협동화단지 건너,충청남도 아산시 음봉면 연암율금로295번길 41,음봉면,표지판
2018,10900,자동차매매단지,충청남도 아산시 배방읍 동방1로 11,배방읍,표지판
2019,10901,자동차매매단지 건너,충청남도 아산시 배방읍 동방1로 11,배방읍,표지판
2020,10902,와노타워,충청남도 아산시 배방읍 세교중앙1길 26,배방읍,유개승강장
2021,10903,와노타워 건너,충청남도 아산시 배방읍 세교중앙1길 26,배방읍,유개승강장
2022,10904,모종네오루체a 후문,충청남도 아산시 못마루로 139 힐스테이트 모종 네오루체 ,온양3동,표지판
2023,10907,지웰시티 1단지 건너,충청남도 아산시 탕정면 한들물빛도시로 69 한들물빛도시지웰시티센트럴푸르지오,탕정면,표지판
2024,10908,지웰시티 1단지,충청남도 아산시 탕정면 한들물빛도시로 69 한들물빛도시지웰시티센트럴푸르지오,탕정면,유개승강장
2025,10909,오돌개체험 휴양마을 체험관 입구,충청남도 아산시 송악면 도송로 372,송악면,표지판
2026,10910,건강식품가공공장 입구,충청남도 아산시 송악면 도송로 372,송악면,표지판
2027,10912,수곡1리 서낭뎅이,충청남도 아산시 송악면 수곡길 43,송악면,시설없음
2028,10913,수곡1리 서낭뎅이 건너,충청남도 아산시 송악면 수곡길 43,송악면,표지판
2029,10914,수곡1리 노인정 건너,충청남도 아산시 송악면 수곡길 120 수곡1리노인회 ,송악면,표지판
2030,10915,소화마을아파트 정문,충청남도 아산시 신창면 온천대로 985 아산상아주공아파트 ,신창면,표지판
2031,10916,모아엘가 2차 후문,충청남도 아산시 신창면 남성길 86-4,신창면,표지판
2032,10917,신아산모아엘가아파트1차 건너,충청남도 아산시 신창면 온천대로 1007-17,배방읍,표지판
2033,10918,해링턴플레이스 스마트밸리아파트 해링턴플레이스 스마트,충청남도 아산시 음봉면 산동희망로 17,음봉면,유개승강장
2034,10919,한라비발리 스마트밸리아파트,충청남도 아산시 음봉면 산동희망로 10 산동초등학교 ,음봉면,유개승강장
2035,10922,덕연농장 입구 건너편,충청남도 아산시 신창면 서부남로 725,신창면,표지판
2036,10923,덕연농장 입구,충청남도 아산시 신창면 서부남로 725,신창면,표지판
2037,10924,한들물빛공원 건너,충청남도 아산시 탕정면 매곡리 1526,탕정면,표지판
2038,10925,한들물빛공원,충청남도 아산시 탕정면 매곡리 1526,탕정면,표지판
2039,10926,소룡골,충청남도 아산시 탕정면 매곡리 812-34,탕정면,표지판
2040,10927,소룡골 건너,충청남도 아산시 탕정면 매곡리 604-13,탕정면,표지판
2041,10928,월선1리 마을회관,충남 아산시 영인면 월선길108번길 11,영인면,표지판
2042,10929,지중해마을 출구,(충남 아산시 탕정면 명암리 1363,탕정면,표지판
2043,10935,탕정호반써밋아파트,충남 아산시 탕정면 갈산리 927,탕정면,표지판
2044,10936,쌍암1리,충남 아산시 음봉면 월암로 452,음봉면,표지판
2045,10937,쌍암1리 건너,충남 아산시 음봉면 월암로 453,음봉면,표지판
2046,10938,형제방죽공원 건너,충남 아산시 신창면 남성리 95-17,신창면,표지판
2047,10944,인주역,충남 아산시 인주면 해암리 339-11 인주역,인주면,표지판
2048,10945,배방푸르지오2차,"충남 아산시 배방읍 배방로 58-38 배방2차푸르지오아파트 ,",배방읍,표지판
2049,10946,배방우방아이유쉘2차,"충남 아산시 배방읍 배방로 58-44 아산배방 우방아이유쉘 2차 ,",배방읍,표지판
2050,10947,배방중앙하이츠1단지,"충남 아산시 배방읍 배방로 58-10 중앙하이츠오르젠1단지 ,",배방읍,표지판
2051,10948,배방한성필하우스1차,"충남 아산시 배방읍 배방로 58-43 배방한성필하우스 ,",배방읍,표지판
2052,10949,샘마을아파트 입구,충남 아산시 신창면 남성길 85 샘마을아파트,신창면,표지판
2053,10950,아산코아루아파트,충남 아산시 신창면 남성길 123 아산코아루아파트,신창면,표지판
2054,10951,삼부르네상스더힐아파트 정문,충남 아산시 신창면 천우물로 22,신창면,표지판
2055,10952,초사2통 입구,충남 아산시 초사동 159-3,온양5동,표지판
2056,10953,초사2리 안뜸,충남 아산시 초사동 233-4,온양5동,유개승강장
2057,10954,둔포농협 서부지점,충남 아산시 둔포면충무로 1759,둔포면,표지판
2058,10955,거산2리 성골 입구,충남 아산시 송악면 거산리 359-1,송악면,표지판
2059,10957,삼정그린코아아파트,"충남 아산시 배방읍 모산로126번길 17-7 배방 삼정그린코아 ,",배방읍,표지판
2060,10958,한도아파트,충남 아산시 배방읍 공수리 282-17,배방읍,표지판
2061,10959,한양수자인1차아파트,"충남 아산시 배방읍 북수로 33 센텀시티 한양수자인 아파트 ,",배방읍,표지판
2062,10960,한양수자인2차아파트,충남 아산시 배방읍 공수리 1729,배방읍,표지판
